subject,related_queries,value,keyword,category,keyword1,hits_t
100,top,coronavirus cloroquina,Cloroquina,0,Cloroquina,2030.5
54,top,bula cloroquina,Cloroquina,0,Cloroquina,2030.5
48,top,hidroxicloroquina,Cloroquina,0,Cloroquina,2030.5
41,top,la cloroquina,Cloroquina,0,Cloroquina,2030.5
38,top,cloroquina covid,Cloroquina,0,Cloroquina,2030.5
25,top,cloroquina preÃ§o,Cloroquina,0,Cloroquina,2030.5
25,top,cloroquina corona,Cloroquina,0,Cloroquina,2030.5
24,top,cloroquina azitromicina,Cloroquina,0,Cloroquina,2030.5
24,top,azitromicina,Cloroquina,0,Cloroquina,2030.5
22,top,que es cloroquina,Cloroquina,0,Cloroquina,2030.5
22,top,cloroquina bolsonaro,Cloroquina,0,Cloroquina,2030.5
22,top,para que serve cloroquina,Cloroquina,0,Cloroquina,2030.5
22,top,cloroquina brasil,Cloroquina,0,Cloroquina,2030.5
21,top,bolsonaro,Cloroquina,0,Cloroquina,2030.5
21,top,cloroquina 250,Cloroquina,0,Cloroquina,2030.5
20,top,covid 19 cloroquina,Cloroquina,0,Cloroquina,2030.5
20,top,cloroquina fosfato,Cloroquina,0,Cloroquina,2030.5
18,top,cloroquina precio,Cloroquina,0,Cloroquina,2030.5
17,top,malaria,Cloroquina,0,Cloroquina,2030.5
17,top,cloroquina para que sirve,Cloroquina,0,Cloroquina,2030.5
17,top,o que Ã© o cloroquina,Cloroquina,0,Cloroquina,2030.5
17,top,cloroquina malaria,Cloroquina,0,Cloroquina,2030.5
16,top,o que Ã© cloroquina,Cloroquina,0,Cloroquina,2030.5
16,top,cloroquina para coronavirus,Cloroquina,0,Cloroquina,2030.5
15,top,remedio cloroquina,Cloroquina,0,Cloroquina,2030.5
Breakout,rising,coronavirus cloroquina,Cloroquina,0,Cloroquina,2030.5
Breakout,rising,cloroquina covid,Cloroquina,0,Cloroquina,2030.5
Breakout,rising,cloroquina preÃ§o,Cloroquina,0,Cloroquina,2030.5
Breakout,rising,cloroquina corona,Cloroquina,0,Cloroquina,2030.5
Breakout,rising,cloroquina bolsonaro,Cloroquina,0,Cloroquina,2030.5
Breakout,rising,cloroquina brasil,Cloroquina,0,Cloroquina,2030.5
Breakout,rising,bolsonaro,Cloroquina,0,Cloroquina,2030.5
Breakout,rising,covid 19 cloroquina,Cloroquina,0,Cloroquina,2030.5
Breakout,rising,cloroquina para coronavirus,Cloroquina,0,Cloroquina,2030.5
Breakout,rising,cloroquina comprar,Cloroquina,0,Cloroquina,2030.5
Breakout,rising,efeitos colaterais cloroquina,Cloroquina,0,Cloroquina,2030.5
Breakout,rising,hidroxicloroquina e cloroquina,Cloroquina,0,Cloroquina,2030.5
Breakout,rising,cloroquina corona virus,Cloroquina,0,Cloroquina,2030.5
Breakout,rising,cloroquina efeito colateral,Cloroquina,0,Cloroquina,2030.5
Breakout,rising,cloroquina trump,Cloroquina,0,Cloroquina,2030.5
Breakout,rising,italia cloroquina,Cloroquina,0,Cloroquina,2030.5
Breakout,rising,quinino cloroquina,Cloroquina,0,Cloroquina,2030.5
Breakout,rising,fda cloroquina,Cloroquina,0,Cloroquina,2030.5
Breakout,rising,o que e cloroquina,Cloroquina,0,Cloroquina,2030.5
Breakout,rising,italia,Cloroquina,0,Cloroquina,2030.5
Breakout,rising,quinino,Cloroquina,0,Cloroquina,2030.5
Breakout,rising,cloroquina para covid,Cloroquina,0,Cloroquina,2030.5
Breakout,rising,coronavirus brasil,Cloroquina,0,Cloroquina,2030.5
Breakout,rising,estudo cloroquina,Cloroquina,0,Cloroquina,2030.5
Breakout,rising,cloroquina eua,Cloroquina,0,Cloroquina,2030.5
100,top,coronavirus chloroquine,Chloroquine,0,Cloroquina,2030.5
42,top,chloroquine phosphate,Chloroquine,0,Cloroquina,2030.5
40,top,covid chloroquine,Chloroquine,0,Cloroquina,2030.5
36,top,chloroquine hydroxychloroquine,Chloroquine,0,Cloroquina,2030.5
34,top,hydroxychloroquine,Chloroquine,0,Cloroquina,2030.5
33,top,la chloroquine,Chloroquine,0,Cloroquina,2030.5
29,top,chloroquine corona,Chloroquine,0,Cloroquina,2030.5
26,top,chloroquine side effects,Chloroquine,0,Cloroquina,2030.5
25,top,covid 19 chloroquine,Chloroquine,0,Cloroquina,2030.5
21,top,malaria,Chloroquine,0,Cloroquina,2030.5
21,top,chloroquine malaria,Chloroquine,0,Cloroquina,2030.5
19,top,chloroquine raoult,Chloroquine,0,Cloroquina,2030.5
18,top,raoult,Chloroquine,0,Cloroquina,2030.5
16,top,chloroquine trump,Chloroquine,0,Cloroquina,2030.5
15,top,chloroquine france,Chloroquine,0,Cloroquina,2030.5
15,top,chloroquine for coronavirus,Chloroquine,0,Cloroquina,2030.5
12,top,chloroquine quinine,Chloroquine,0,Cloroquina,2030.5
12,top,quinine,Chloroquine,0,Cloroquina,2030.5
12,top,chloroquine dosage,Chloroquine,0,Cloroquina,2030.5
12,top,chloroquine drug,Chloroquine,0,Cloroquina,2030.5
10,top,chloroquine plaquenil,Chloroquine,0,Cloroquina,2030.5
10,top,chloroquine tablets,Chloroquine,0,Cloroquina,2030.5
10,top,what is chloroquine,Chloroquine,0,Cloroquina,2030.5
10,top,hydroxy chloroquine,Chloroquine,0,Cloroquina,2030.5
10,top,india chloroquine,Chloroquine,0,Cloroquina,2030.5
Breakout,rising,coronavirus chloroquine,Chloroquine,0,Cloroquina,2030.5
Breakout,rising,covid chloroquine,Chloroquine,0,Cloroquina,2030.5
Breakout,rising,la chloroquine,Chloroquine,0,Cloroquina,2030.5
Breakout,rising,chloroquine corona,Chloroquine,0,Cloroquina,2030.5
Breakout,rising,covid 19 chloroquine,Chloroquine,0,Cloroquina,2030.5
Breakout,rising,chloroquine raoult,Chloroquine,0,Cloroquina,2030.5
Breakout,rising,raoult,Chloroquine,0,Cloroquina,2030.5
Breakout,rising,chloroquine trump,Chloroquine,0,Cloroquina,2030.5
Breakout,rising,chloroquine france,Chloroquine,0,Cloroquina,2030.5
Breakout,rising,chloroquine for coronavirus,Chloroquine,0,Cloroquina,2030.5
Breakout,rising,quinine,Chloroquine,0,Cloroquina,2030.5
Breakout,rising,chloroquine news,Chloroquine,0,Cloroquina,2030.5
Breakout,rising,traitement chloroquine,Chloroquine,0,Cloroquina,2030.5
Breakout,rising,chloroquine and coronavirus,Chloroquine,0,Cloroquina,2030.5
Breakout,rising,chloroquine and hydroxychloroquine,Chloroquine,0,Cloroquina,2030.5
Breakout,rising,chloroquine composition,Chloroquine,0,Cloroquina,2030.5
Breakout,rising,chloroquine covid-19,Chloroquine,0,Cloroquina,2030.5
Breakout,rising,stock chloroquine,Chloroquine,0,Cloroquina,2030.5
Breakout,rising,chloroquine for covid 19,Chloroquine,0,Cloroquina,2030.5
Breakout,rising,coronavirus france,Chloroquine,0,Cloroquina,2030.5
Breakout,rising,didier raoult,Chloroquine,0,Cloroquina,2030.5
Breakout,rising,didier raoult chloroquine,Chloroquine,0,Cloroquina,2030.5
Breakout,rising,chloroquine vidal,Chloroquine,0,Cloroquina,2030.5
Breakout,rising,fda chloroquine,Chloroquine,0,Cloroquina,2030.5
Breakout,rising,chloroquine covid19,Chloroquine,0,Cloroquina,2030.5
100,top,coronavirus hidroxicloroquina,Hidroxicloroquina,0,Hidroxicloroquina,2227
90,top,hidroxicloroquina bula,Hidroxicloroquina,0,Hidroxicloroquina,2227
67,top,hidroxicloroquina sulfato,Hidroxicloroquina,0,Hidroxicloroquina,2227
66,top,cloroquina,Hidroxicloroquina,0,Hidroxicloroquina,2227
66,top,cloroquina hidroxicloroquina,Hidroxicloroquina,0,Hidroxicloroquina,2227
65,top,preÃ§o hidroxicloroquina,Hidroxicloroquina,0,Hidroxicloroquina,2227
61,top,azitromicina,Hidroxicloroquina,0,Hidroxicloroquina,2227
61,top,hidroxicloroquina azitromicina,Hidroxicloroquina,0,Hidroxicloroquina,2227
54,top,sulfato de hidroxicloroquina,Hidroxicloroquina,0,Hidroxicloroquina,2227
39,top,hidroxicloroquina covid,Hidroxicloroquina,0,Hidroxicloroquina,2227
32,top,hidroxicloroquina 400mg,Hidroxicloroquina,0,Hidroxicloroquina,2227
32,top,hidroxicloroquina precio,Hidroxicloroquina,0,Hidroxicloroquina,2227
24,top,hidroxicloroquina para que sirve,Hidroxicloroquina,0,Hidroxicloroquina,2227
23,top,hidroxicloroquina corona,Hidroxicloroquina,0,Hidroxicloroquina,2227
23,top,hidroxicloroquina covid 19,Hidroxicloroquina,0,Hidroxicloroquina,2227
22,top,hidroxicloroquina 200,Hidroxicloroquina,0,Hidroxicloroquina,2227
22,top,hidroxicloroquina para coronavirus,Hidroxicloroquina,0,Hidroxicloroquina,2227
21,top,para que serve hidroxicloroquina,Hidroxicloroquina,0,Hidroxicloroquina,2227
20,top,que es hidroxicloroquina,Hidroxicloroquina,0,Hidroxicloroquina,2227
19,top,hidroxicloroquina 200 mg,Hidroxicloroquina,0,Hidroxicloroquina,2227
18,top,cloroquina e hidroxicloroquina,Hidroxicloroquina,0,Hidroxicloroquina,2227
17,top,medicamento hidroxicloroquina,Hidroxicloroquina,0,Hidroxicloroquina,2227
17,top,comprar hidroxicloroquina,Hidroxicloroquina,0,Hidroxicloroquina,2227
16,top,hidroxicloroquina comprar,Hidroxicloroquina,0,Hidroxicloroquina,2227
16,top,malaria,Hidroxicloroquina,0,Hidroxicloroquina,2227
Breakout,rising,coronavirus hidroxicloroquina,Hidroxicloroquina,0,Hidroxicloroquina,2227
Breakout,rising,hidroxicloroquina covid,Hidroxicloroquina,0,Hidroxicloroquina,2227
Breakout,rising,hidroxicloroquina corona,Hidroxicloroquina,0,Hidroxicloroquina,2227
Breakout,rising,hidroxicloroquina covid 19,Hidroxicloroquina,0,Hidroxicloroquina,2227
Breakout,rising,hidroxicloroquina para coronavirus,Hidroxicloroquina,0,Hidroxicloroquina,2227
Breakout,rising,hidroxicloroquina comprar,Hidroxicloroquina,0,Hidroxicloroquina,2227
Breakout,rising,fda hidroxicloroquina,Hidroxicloroquina,0,Hidroxicloroquina,2227
Breakout,rising,fda,Hidroxicloroquina,0,Hidroxicloroquina,2227
Breakout,rising,hidroxicloroquina azitromicina coronavirus,Hidroxicloroquina,0,Hidroxicloroquina,2227
Breakout,rising,hidroxicloroquina ficha tecnica,Hidroxicloroquina,0,Hidroxicloroquina,2227
Breakout,rising,hidroxicloroquina cura coronavirus,Hidroxicloroquina,0,Hidroxicloroquina,2227
Breakout,rising,coronavirus cura,Hidroxicloroquina,0,Hidroxicloroquina,2227
Breakout,rising,italia hidroxicloroquina,Hidroxicloroquina,0,Hidroxicloroquina,2227
Breakout,rising,hidroxicloroquina e azitromicina,Hidroxicloroquina,0,Hidroxicloroquina,2227
Breakout,rising,italia,Hidroxicloroquina,0,Hidroxicloroquina,2227
Breakout,rising,cloridrato de hidroxicloroquina,Hidroxicloroquina,0,Hidroxicloroquina,2227
Breakout,rising,hidroxicloroquina prospecto,Hidroxicloroquina,0,Hidroxicloroquina,2227
Breakout,rising,hidroxicloroquina trump,Hidroxicloroquina,0,Hidroxicloroquina,2227
Breakout,rising,hidroclorotiazida,Hidroxicloroquina,0,Hidroxicloroquina,2227
Breakout,rising,hydroxychloroquine,Hidroxicloroquina,0,Hidroxicloroquina,2227
Breakout,rising,cloroquina coronavirus,Hidroxicloroquina,0,Hidroxicloroquina,2227
Breakout,rising,hidroxicloroquina y coronavirus,Hidroxicloroquina,0,Hidroxicloroquina,2227
Breakout,rising,cloroquina bula,Hidroxicloroquina,0,Hidroxicloroquina,2227
Breakout,rising,remdesivir,Hidroxicloroquina,0,Hidroxicloroquina,2227
Breakout,rising,coronavirus brasil,Hidroxicloroquina,0,Hidroxicloroquina,2227
100,top,hydroxychloroquine coronavirus,Hydroxychloroquine,0,Hidroxicloroquina,2227
77,top,hydroxychloroquine covid,Hydroxychloroquine,0,Hidroxicloroquina,2227
50,top,hydroxychloroquine covid 19,Hydroxychloroquine,0,Hidroxicloroquina,2227
45,top,india hydroxychloroquine,Hydroxychloroquine,0,Hidroxicloroquina,2227
42,top,chloroquine,Hydroxychloroquine,0,Hidroxicloroquina,2227
41,top,chloroquine hydroxychloroquine,Hydroxychloroquine,0,Hidroxicloroquina,2227
36,top,side effects hydroxychloroquine,Hydroxychloroquine,0,Hidroxicloroquina,2227
36,top,azithromycin hydroxychloroquine,Hydroxychloroquine,0,Hidroxicloroquina,2227
35,top,azithromycin,Hydroxychloroquine,0,Hidroxicloroquina,2227
35,top,hydroxychloroquine trump,Hydroxychloroquine,0,Hidroxicloroquina,2227
32,top,hydroxychloroquine corona,Hydroxychloroquine,0,Hidroxicloroquina,2227
25,top,does hydroxychloroquine,Hydroxychloroquine,0,Hidroxicloroquina,2227
25,top,what is hydroxychloroquine,Hydroxychloroquine,0,Hidroxicloroquina,2227
24,top,drug hydroxychloroquine,Hydroxychloroquine,0,Hidroxicloroquina,2227
22,top,hydroxychloroquine news,Hydroxychloroquine,0,Hidroxicloroquina,2227
22,top,malaria,Hydroxychloroquine,0,Hidroxicloroquina,2227
22,top,hydroxychloroquine for covid,Hydroxychloroquine,0,Hidroxicloroquina,2227
22,top,hydroxychloroquine uses,Hydroxychloroquine,0,Hidroxicloroquina,2227
22,top,hydroxychloroquine malaria,Hydroxychloroquine,0,Hidroxicloroquina,2227
21,top,hydroxychloroquine sulfate,Hydroxychloroquine,0,Hidroxicloroquina,2227
21,top,plaquenil,Hydroxychloroquine,0,Hidroxicloroquina,2227
21,top,plaquenil hydroxychloroquine,Hydroxychloroquine,0,Hidroxicloroquina,2227
20,top,hydroxychloroquine price,Hydroxychloroquine,0,Hidroxicloroquina,2227
20,top,hydroxychloroquine dose,Hydroxychloroquine,0,Hidroxicloroquina,2227
19,top,hydroxychloroquine for coronavirus,Hydroxychloroquine,0,Hidroxicloroquina,2227
Breakout,rising,hydroxychloroquine coronavirus,Hydroxychloroquine,0,Hidroxicloroquina,2227
Breakout,rising,hydroxychloroquine covid,Hydroxychloroquine,0,Hidroxicloroquina,2227
Breakout,rising,hydroxychloroquine covid 19,Hydroxychloroquine,0,Hidroxicloroquina,2227
Breakout,rising,azithromycin,Hydroxychloroquine,0,Hidroxicloroquina,2227
Breakout,rising,hydroxychloroquine trump,Hydroxychloroquine,0,Hidroxicloroquina,2227
Breakout,rising,hydroxychloroquine corona,Hydroxychloroquine,0,Hidroxicloroquina,2227
Breakout,rising,hydroxychloroquine for covid,Hydroxychloroquine,0,Hidroxicloroquina,2227
Breakout,rising,hydroxychloroquine for coronavirus,Hydroxychloroquine,0,Hidroxicloroquina,2227
Breakout,rising,hydroxychloroquine covid-19,Hydroxychloroquine,0,Hidroxicloroquina,2227
Breakout,rising,hydroxychloroquine for covid 19,Hydroxychloroquine,0,Hidroxicloroquina,2227
Breakout,rising,hydroxychloroquine buy,Hydroxychloroquine,0,Hidroxicloroquina,2227
Breakout,rising,hydroxychloroquine and covid,Hydroxychloroquine,0,Hidroxicloroquina,2227
Breakout,rising,hydroxychloroquine and coronavirus,Hydroxychloroquine,0,Hidroxicloroquina,2227
Breakout,rising,remdesivir,Hydroxychloroquine,0,Hidroxicloroquina,2227
Breakout,rising,hydroxychloroquine zinc,Hydroxychloroquine,0,Hidroxicloroquina,2227
Breakout,rising,new york hydroxychloroquine,Hydroxychloroquine,0,Hidroxicloroquina,2227
Breakout,rising,hydroxychloroquine and covid 19,Hydroxychloroquine,0,Hidroxicloroquina,2227
Breakout,rising,hydroxychloroquine covid19,Hydroxychloroquine,0,Hidroxicloroquina,2227
Breakout,rising,hydroxychloroquine in covid 19,Hydroxychloroquine,0,Hidroxicloroquina,2227
Breakout,rising,hydroxychloroquine manufacturer,Hydroxychloroquine,0,Hidroxicloroquina,2227
Breakout,rising,hydroxychloroquine results,Hydroxychloroquine,0,Hidroxicloroquina,2227
Breakout,rising,malaria drug hydroxychloroquine,Hydroxychloroquine,0,Hidroxicloroquina,2227
Breakout,rising,france hydroxychloroquine,Hydroxychloroquine,0,Hidroxicloroquina,2227
Breakout,rising,malaria drug,Hydroxychloroquine,0,Hidroxicloroquina,2227
Breakout,rising,raoult,Hydroxychloroquine,0,Hidroxicloroquina,2227
100,top,azithromycin 500,Azithromycin,0,Azitromicina,1988
96,top,hydroxychloroquine,Azithromycin,0,Azitromicina,1988
96,top,hydroxychloroquine azithromycin,Azithromycin,0,Azitromicina,1988
78,top,azithromycin uses,Azithromycin,0,Azitromicina,1988
74,top,azithromycin tablet,Azithromycin,0,Azitromicina,1988
58,top,azithromycin 250,Azithromycin,0,Azitromicina,1988
57,top,azithromycin effects,Azithromycin,0,Azitromicina,1988
57,top,azithromycin tablets,Azithromycin,0,Azitromicina,1988
52,top,side effects azithromycin,Azithromycin,0,Azitromicina,1988
50,top,azithromycin 500 mg,Azithromycin,0,Azitromicina,1988
49,top,azithromycin coronavirus,Azithromycin,0,Azitromicina,1988
45,top,azithromycin dose,Azithromycin,0,Azitromicina,1988
43,top,what is azithromycin,Azithromycin,0,Azitromicina,1988
41,top,covid azithromycin,Azithromycin,0,Azitromicina,1988
41,top,azithromycin dosage,Azithromycin,0,Azitromicina,1988
40,top,azithromycin 500mg,Azithromycin,0,Azitromicina,1988
39,top,azithromycin 250 mg,Azithromycin,0,Azitromicina,1988
38,top,chlamydia,Azithromycin,0,Azitromicina,1988
36,top,azithromycin and hydroxychloroquine,Azithromycin,0,Azitromicina,1988
36,top,azithromycin chlamydia,Azithromycin,0,Azitromicina,1988
31,top,antibiotics,Azithromycin,0,Azitromicina,1988
30,top,azithromycin tablet uses,Azithromycin,0,Azitromicina,1988
29,top,azithromycin in hindi,Azithromycin,0,Azitromicina,1988
28,top,azithromycin use,Azithromycin,0,Azitromicina,1988
25,top,amoxicillin,Azithromycin,0,Azitromicina,1988
Breakout,rising,hydroxychloroquine,Azithromycin,0,Azitromicina,1988
Breakout,rising,azithromycin coronavirus,Azithromycin,0,Azitromicina,1988
Breakout,rising,covid azithromycin,Azithromycin,0,Azitromicina,1988
Breakout,rising,azithromycin and hydroxychloroquine,Azithromycin,0,Azitromicina,1988
Breakout,rising,covid 19 azithromycin,Azithromycin,0,Azitromicina,1988
Breakout,rising,azithromycin corona,Azithromycin,0,Azitromicina,1988
Breakout,rising,hydroxychloroquine azithromycin covid,Azithromycin,0,Azitromicina,1988
Breakout,rising,azithromycin and coronavirus,Azithromycin,0,Azitromicina,1988
Breakout,rising,coronavirus hydroxychloroquine azithromycin,Azithromycin,0,Azitromicina,1988
Breakout,rising,plaquenil azithromycin,Azithromycin,0,Azitromicina,1988
Breakout,rising,azithromycin for coronavirus,Azithromycin,0,Azitromicina,1988
Breakout,rising,azithromycin for covid 19,Azithromycin,0,Azitromicina,1988
Breakout,rising,covid 19 hydroxychloroquine azithromycin,Azithromycin,0,Azitromicina,1988
Breakout,rising,plaquenil,Azithromycin,0,Azitromicina,1988
Breakout,rising,azithromycin covid-19,Azithromycin,0,Azitromicina,1988
Breakout,rising,trump azithromycin,Azithromycin,0,Azitromicina,1988
Breakout,rising,hydroxychloroquine & azithromycin,Azithromycin,0,Azitromicina,1988
Breakout,rising,hydroxychloroquine with azithromycin,Azithromycin,0,Azitromicina,1988
Breakout,rising,hydroxychloroquine side effects,Azithromycin,0,Azitromicina,1988
Breakout,rising,hydroxychloroquine azithromycin,Azithromycin,0,Azitromicina,1988
Breakout,rising,azithromycin and plaquenil,Azithromycin,0,Azitromicina,1988
Breakout,rising,hydroxychloroquine dose,Azithromycin,0,Azitromicina,1988
Breakout,rising,hydroxychloroquine sulfate,Azithromycin,0,Azitromicina,1988
Breakout,rising,azithromycin and hydroxychloroquine covid 19,Azithromycin,0,Azitromicina,1988
Breakout,rising,remdesivir,Azithromycin,0,Azitromicina,1988
100,top,azitromicina 500,Azitromicina,0,Azitromicina,1988
88,top,la azitromicina,Azitromicina,0,Azitromicina,1988
70,top,para que sirve azitromicina,Azitromicina,0,Azitromicina,1988
65,top,coronavirus azitromicina,Azitromicina,0,Azitromicina,1988
62,top,bula azitromicina,Azitromicina,0,Azitromicina,1988
59,top,azitromicina serve para,Azitromicina,0,Azitromicina,1988
55,top,azitromicina hidroxicloroquina,Azitromicina,0,Azitromicina,1988
54,top,hidroxicloroquina,Azitromicina,0,Azitromicina,1988
52,top,azitromicina 500 mg,Azitromicina,0,Azitromicina,1988
50,top,para que serve azitromicina,Azitromicina,0,Azitromicina,1988
50,top,azitromicina para que serve,Azitromicina,0,Azitromicina,1988
39,top,azitromicina 500mg,Azitromicina,0,Azitromicina,1988
38,top,dosis azitromicina,Azitromicina,0,Azitromicina,1988
35,top,azitromicina que es,Azitromicina,0,Azitromicina,1988
31,top,azitromicina preÃ§o,Azitromicina,0,Azitromicina,1988
29,top,azitromicina covid,Azitromicina,0,Azitromicina,1988
28,top,azitromicina de 500,Azitromicina,0,Azitromicina,1988
27,top,azitromicina precio,Azitromicina,0,Azitromicina,1988
27,top,amoxicilina,Azitromicina,0,Azitromicina,1988
26,top,azitromicina para que es,Azitromicina,0,Azitromicina,1988
25,top,para que sirve la azitromicina,Azitromicina,0,Azitromicina,1988
23,top,azitromicina hidratada,Azitromicina,0,Azitromicina,1988
23,top,cloroquina,Azitromicina,0,Azitromicina,1988
22,top,antibiotico azitromicina,Azitromicina,0,Azitromicina,1988
22,top,antibiotico,Azitromicina,0,Azitromicina,1988
Breakout,rising,coronavirus azitromicina,Azitromicina,0,Azitromicina,1988
Breakout,rising,azitromicina covid,Azitromicina,0,Azitromicina,1988
Breakout,rising,cloroquina,Azitromicina,0,Azitromicina,1988
Breakout,rising,azitromicina para coronavirus,Azitromicina,0,Azitromicina,1988
Breakout,rising,azitromicina covid 19,Azitromicina,0,Azitromicina,1988
Breakout,rising,azitromicina para covid,Azitromicina,0,Azitromicina,1988
Breakout,rising,azitromicina e hidroxicloroquina,Azitromicina,0,Azitromicina,1988
Breakout,rising,cloroquina e azitromicina,Azitromicina,0,Azitromicina,1988
Breakout,rising,azitromicina y coronavirus,Azitromicina,0,Azitromicina,1988
Breakout,rising,azitromicina e coronavirus,Azitromicina,0,Azitromicina,1988
Breakout,rising,azitromicina corona virus,Azitromicina,0,Azitromicina,1988
Breakout,rising,plaquenil,Azitromicina,0,Azitromicina,1988
Breakout,rising,azitromicina para el coronavirus,Azitromicina,0,Azitromicina,1988
Breakout,rising,hidroxicloroquina precio,Azitromicina,0,Azitromicina,1988
Breakout,rising,hidroxicloroquina bula,Azitromicina,0,Azitromicina,1988
Breakout,rising,cura coronavirus,Azitromicina,0,Azitromicina,1988
Breakout,rising,tamiflu,Azitromicina,0,Azitromicina,1988
Breakout,rising,cloroquina y azitromicina,Azitromicina,0,Azitromicina,1988
Breakout,rising,cloroquina bula,Azitromicina,0,Azitromicina,1988
Breakout,rising,cloroquina com azitromicina,Azitromicina,0,Azitromicina,1988
Breakout,rising,hidroxicloroquina con azitromicina,Azitromicina,0,Azitromicina,1988
Breakout,rising,hidroxicloroquina sulfato,Azitromicina,0,Azitromicina,1988
Breakout,rising,hidroxicloroquina y azitromicina coronavirus,Azitromicina,0,Azitromicina,1988
Breakout,rising,azitromicina hidroxicloroquina,Azitromicina,0,Azitromicina,1988
Breakout,rising,hidroxicloroquina,Azitromicina,0,Azitromicina,1988
100,top,gout colchicine,Colchicine,0,Colchicina,382
92,top,gout,Colchicine,0,Colchicina,382
44,top,allopurinol,Colchicine,0,Colchicina,382
39,top,colchicine side effects,Colchicine,0,Colchicina,382
37,top,colchicine for gout,Colchicine,0,Colchicina,382
34,top,colchicine dose,Colchicine,0,Colchicina,382
28,top,colchicine coronavirus,Colchicine,0,Colchicina,382
27,top,colchicine covid,Colchicine,0,Colchicina,382
24,top,what is colchicine,Colchicine,0,Colchicina,382
23,top,colchicine dosage,Colchicine,0,Colchicina,382
21,top,colchicine covid 19,Colchicine,0,Colchicina,382
20,top,colchicine pericarditis,Colchicine,0,Colchicina,382
16,top,colchicine tablets,Colchicine,0,Colchicina,382
15,top,indomethacin,Colchicine,0,Colchicina,382
13,top,colchicine tablet,Colchicine,0,Colchicina,382
13,top,colchicine à¸¢à¸²,Colchicine,0,Colchicina,382
10,top,colchicine mechanism,Colchicine,0,Colchicina,382
9,top,colchicine dosing,Colchicine,0,Colchicina,382
9,top,colchicine 0.6 mg,Colchicine,0,Colchicina,382
8,top,la colchicine,Colchicine,0,Colchicina,382
8,top,side effects of colchicine,Colchicine,0,Colchicina,382
8,top,gout medication,Colchicine,0,Colchicina,382
8,top,colchicine dose gout,Colchicine,0,Colchicina,382
8,top,colchicine uses,Colchicine,0,Colchicina,382
7,top,colchicine price,Colchicine,0,Colchicina,382
Breakout,rising,colchicine coronavirus,Colchicine,0,Colchicina,382
Breakout,rising,colchicine covid,Colchicine,0,Colchicina,382
Breakout,rising,colchicine covid 19,Colchicine,0,Colchicina,382
Breakout,rising,chloroquine,Colchicine,0,Colchicina,382
Breakout,rising,colchicine et coronavirus,Colchicine,0,Colchicina,382
Breakout,rising,colchicine spc,Colchicine,0,Colchicina,382
Breakout,rising,colchicine nom commercial,Colchicine,0,Colchicina,382
+250%,rising,colchicine toxicity,Colchicine,0,Colchicina,382
+250%,rising,colchicine overdose,Colchicine,0,Colchicina,382
+160%,rising,colchicine opocalcium,Colchicine,0,Colchicina,382
+150%,rising,colchicine tablets,Colchicine,0,Colchicina,382
+140%,rising,colchicine for acute gout,Colchicine,0,Colchicina,382
+130%,rising,colchicine price,Colchicine,0,Colchicina,382
+120%,rising,colchicine à¸¢à¸²,Colchicine,0,Colchicina,382
+100%,rising,colchimax,Colchicine,0,Colchicina,382
+100%,rising,colchicine mechanism of action,Colchicine,0,Colchicina,382
+100%,rising,gout medication,Colchicine,0,Colchicina,382
+90%,rising,colchicine side effects,Colchicine,0,Colchicina,382
+80%,rising,colchicine mechanism,Colchicine,0,Colchicina,382
+80%,rising,colchicine indication,Colchicine,0,Colchicina,382
+70%,rising,colchicine and alcohol,Colchicine,0,Colchicina,382
+70%,rising,colchicine Ø¯ÙˆØ§Ø¡,Colchicine,0,Colchicina,382
+50%,rising,colchicine goutte,Colchicine,0,Colchicina,382
100,top,colchicina gota,Colchicina,0,Colchicina,382
81,top,colchicina para que sirve,Colchicina,0,Colchicina,382
74,top,alopurinol,Colchicina,0,Colchicina,382
64,top,dosis colchicina,Colchicina,0,Colchicina,382
53,top,colchicina bula,Colchicina,0,Colchicina,382
47,top,colchicina coronavirus,Colchicina,0,Colchicina,382
39,top,colchicina que es,Colchicina,0,Colchicina,382
35,top,colchicina posologia,Colchicina,0,Colchicina,382
29,top,colchicina plm,Colchicina,0,Colchicina,382
29,top,colchicina precio,Colchicina,0,Colchicina,382
26,top,para que sirve la colchicina,Colchicina,0,Colchicina,382
24,top,colchicina preÃ§o,Colchicina,0,Colchicina,382
21,top,colchicina lirca,Colchicina,0,Colchicina,382
18,top,dosis de colchicina,Colchicina,0,Colchicina,382
17,top,colchicina seid,Colchicina,0,Colchicina,382
11,top,colchicina 0 5 mg,Colchicina,0,Colchicina,382
10,top,colchicina tabletas,Colchicina,0,Colchicina,382
10,top,colchicina vademecum,Colchicina,0,Colchicina,382
9,top,cochinchina,Colchicina,0,Colchicina,382
9,top,colchicina para que serve,Colchicina,0,Colchicina,382
6,top,colchicina prospect,Colchicina,0,Colchicina,382
5,top,colchicina torrino,Colchicina,0,Colchicina,382
5,top,colchicina indicaciones,Colchicina,0,Colchicina,382
Breakout,rising,colchicina coronavirus,Colchicina,0,Colchicina,382
+150%,rising,cochinchina,Colchicina,0,Colchicina,382
+80%,rising,colchicina posologia,Colchicina,0,Colchicina,382
+80%,rising,colchicina seid,Colchicina,0,Colchicina,382
+50%,rising,colchicina 0 5 mg,Colchicina,0,Colchicina,382
+40%,rising,colchicina gota,Colchicina,0,Colchicina,382
100,top,ivermectin coronavirus,Ivermectin,0,Ivermectina,1541
83,top,covid ivermectin,Ivermectin,0,Ivermectina,1541
44,top,ivermectin tablet,Ivermectin,0,Ivermectina,1541
42,top,covid 19 ivermectin,Ivermectin,0,Ivermectina,1541
34,top,corona ivermectin,Ivermectin,0,Ivermectina,1541
29,top,ivermectin for humans,Ivermectin,0,Ivermectina,1541
28,top,ivermectina,Ivermectin,0,Ivermectina,1541
27,top,ivermectin for dogs,Ivermectin,0,Ivermectina,1541
25,top,ivermectin dosage,Ivermectin,0,Ivermectina,1541
21,top,ivermectin for covid,Ivermectin,0,Ivermectina,1541
19,top,scabies,Ivermectin,0,Ivermectina,1541
19,top,ivermectin dose,Ivermectin,0,Ivermectina,1541
18,top,ivermectin tablets,Ivermectin,0,Ivermectina,1541
17,top,ivermectin scabies,Ivermectin,0,Ivermectina,1541
15,top,ivermectin drug,Ivermectin,0,Ivermectina,1541
15,top,ivermectin india,Ivermectin,0,Ivermectina,1541
14,top,ivermectin australia,Ivermectin,0,Ivermectina,1541
14,top,ivermectin for coronavirus,Ivermectin,0,Ivermectina,1541
14,top,ivermectin cream,Ivermectin,0,Ivermectina,1541
13,top,rosacea,Ivermectin,0,Ivermectina,1541
13,top,albendazole,Ivermectin,0,Ivermectina,1541
12,top,ivermectin for covid 19,Ivermectin,0,Ivermectina,1541
12,top,ivermectin oral,Ivermectin,0,Ivermectina,1541
12,top,ivermectin uses,Ivermectin,0,Ivermectina,1541
11,top,ivermectin rosacea,Ivermectin,0,Ivermectina,1541
Breakout,rising,ivermectin coronavirus,Ivermectin,0,Ivermectina,1541
Breakout,rising,covid ivermectin,Ivermectin,0,Ivermectina,1541
Breakout,rising,covid 19 ivermectin,Ivermectin,0,Ivermectina,1541
Breakout,rising,corona ivermectin,Ivermectin,0,Ivermectina,1541
Breakout,rising,ivermectina,Ivermectin,0,Ivermectina,1541
Breakout,rising,ivermectin for covid,Ivermectin,0,Ivermectina,1541
Breakout,rising,ivermectin for coronavirus,Ivermectin,0,Ivermectina,1541
Breakout,rising,ivermectin for covid 19,Ivermectin,0,Ivermectina,1541
Breakout,rising,ivermectin in coronavirus,Ivermectin,0,Ivermectina,1541
Breakout,rising,ivermectin ilaÃ§,Ivermectin,0,Ivermectina,1541
Breakout,rising,ivermectin covid-19,Ivermectin,0,Ivermectina,1541
Breakout,rising,ivermectin and covid,Ivermectin,0,Ivermectina,1541
Breakout,rising,ivermectin for corona,Ivermectin,0,Ivermectina,1541
Breakout,rising,ivermectin covid19,Ivermectin,0,Ivermectina,1541
Breakout,rising,ivermectina coronavirus,Ivermectin,0,Ivermectina,1541
Breakout,rising,remdesivir,Ivermectin,0,Ivermectina,1541
Breakout,rising,coronavirus treatment ivermectin,Ivermectin,0,Ivermectina,1541
Breakout,rising,coronavirus treatment,Ivermectin,0,Ivermectina,1541
Breakout,rising,ivermectin in covid 19,Ivermectin,0,Ivermectina,1541
Breakout,rising,hydroxychloroquine,Ivermectin,0,Ivermectina,1541
Breakout,rising,ivermectin and covid 19,Ivermectin,0,Ivermectina,1541
Breakout,rising,who makes ivermectin,Ivermectin,0,Ivermectina,1541
Breakout,rising,ivermectin corona virus,Ivermectin,0,Ivermectina,1541
Breakout,rising,ivermectin australia covid,Ivermectin,0,Ivermectina,1541
Breakout,rising,ivermectin and coronavirus,Ivermectin,0,Ivermectina,1541
100,top,coronavirus ivermectina,Ivermectina,0,Ivermectina,1541
74,top,bula ivermectina,Ivermectina,0,Ivermectina,1541
40,top,ivermectina covid,Ivermectina,0,Ivermectina,1541
33,top,la ivermectina,Ivermectina,0,Ivermectina,1541
24,top,ivermectina dosis,Ivermectina,0,Ivermectina,1541
24,top,ivermectina serve para que,Ivermectina,0,Ivermectina,1541
23,top,para que serve ivermectina,Ivermectina,0,Ivermectina,1541
23,top,ivermectina precio,Ivermectina,0,Ivermectina,1541
23,top,para que serve,Ivermectina,0,Ivermectina,1541
22,top,ivermectina covid 19,Ivermectina,0,Ivermectina,1541
22,top,ivermectina preÃ§o,Ivermectina,0,Ivermectina,1541
17,top,para que sirve ivermectina,Ivermectina,0,Ivermectina,1541
16,top,remedio ivermectina,Ivermectina,0,Ivermectina,1541
16,top,ivermectina para coronavirus,Ivermectina,0,Ivermectina,1541
15,top,ivermectina posologia,Ivermectina,0,Ivermectina,1541
14,top,remÃ©dio ivermectina,Ivermectina,0,Ivermectina,1541
14,top,ivermectin,Ivermectina,0,Ivermectina,1541
13,top,ivermectina comprar,Ivermectina,0,Ivermectina,1541
13,top,ivermectina como tomar,Ivermectina,0,Ivermectina,1541
11,top,sarna,Ivermectina,0,Ivermectina,1541
11,top,ivermectina sarna,Ivermectina,0,Ivermectina,1541
11,top,ivermectina perros,Ivermectina,0,Ivermectina,1541
11,top,ivermectina piolho,Ivermectina,0,Ivermectina,1541
11,top,ivermectina que es,Ivermectina,0,Ivermectina,1541
10,top,ivermectina para humanos,Ivermectina,0,Ivermectina,1541
Breakout,rising,coronavirus ivermectina,Ivermectina,0,Ivermectina,1541
Breakout,rising,ivermectina covid,Ivermectina,0,Ivermectina,1541
Breakout,rising,ivermectina covid 19,Ivermectina,0,Ivermectina,1541
Breakout,rising,ivermectina para coronavirus,Ivermectina,0,Ivermectina,1541
Breakout,rising,ivermectina corona,Ivermectina,0,Ivermectina,1541
Breakout,rising,azitromicina,Ivermectina,0,Ivermectina,1541
Breakout,rising,ivermectina para covid,Ivermectina,0,Ivermectina,1541
Breakout,rising,ivermectina coronavÃ­rus,Ivermectina,0,Ivermectina,1541
Breakout,rising,ivermectina en coronavirus,Ivermectina,0,Ivermectina,1541
Breakout,rising,coronavÃ­rus,Ivermectina,0,Ivermectina,1541
Breakout,rising,ivermectina para covid 19,Ivermectina,0,Ivermectina,1541
Breakout,rising,ivermectin coronavirus,Ivermectina,0,Ivermectina,1541
Breakout,rising,ivermectina bula covid 19,Ivermectina,0,Ivermectina,1541
Breakout,rising,ivermectina farmaco,Ivermectina,0,Ivermectina,1541
Breakout,rising,ivermectina contra coronavirus,Ivermectina,0,Ivermectina,1541
Breakout,rising,ivermectina e coronavirus,Ivermectina,0,Ivermectina,1541
Breakout,rising,hidroxicloroquina,Ivermectina,0,Ivermectina,1541
Breakout,rising,cloroquina,Ivermectina,0,Ivermectina,1541
Breakout,rising,ivermectina corona virus,Ivermectina,0,Ivermectina,1541
Breakout,rising,ivermectina australia,Ivermectina,0,Ivermectina,1541
Breakout,rising,ivermectina coronavirus dosis,Ivermectina,0,Ivermectina,1541
Breakout,rising,remedio ivermectina coronavirus,Ivermectina,0,Ivermectina,1541
Breakout,rising,ivermectina onde comprar,Ivermectina,0,Ivermectina,1541
Breakout,rising,coronavirus cura,Ivermectina,0,Ivermectina,1541
Breakout,rising,ivermectina y coronavirus,Ivermectina,0,Ivermectina,1541
100,top,avigan favipiravir,Favipiravir,0,Favipiravir,189
92,top,avigan,Favipiravir,0,Favipiravir,189
78,top,favipiravir coronavirus,Favipiravir,0,Favipiravir,189
38,top,favipiravir covid,Favipiravir,0,Favipiravir,189
32,top,favipiravir corona,Favipiravir,0,Favipiravir,189
22,top,favipiravir price,Favipiravir,0,Favipiravir,189
21,top,remdesivir,Favipiravir,0,Favipiravir,189
20,top,favipiravir fiyat,Favipiravir,0,Favipiravir,189
20,top,favipiravir tablet,Favipiravir,0,Favipiravir,189
18,top,favipiravir india,Favipiravir,0,Favipiravir,189
17,top,favipiravir iÃ§eren ilaÃ§lar,Favipiravir,0,Favipiravir,189
16,top,favipiravir drug,Favipiravir,0,Favipiravir,189
14,top,buy favipiravir,Favipiravir,0,Favipiravir,189
11,top,favipiravir synthesis,Favipiravir,0,Favipiravir,189
11,top,favipiravir medicine,Favipiravir,0,Favipiravir,189
10,top,favipiravir etken maddesi,Favipiravir,0,Favipiravir,189
10,top,favipiravir ilaÃ§,Favipiravir,0,Favipiravir,189
10,top,favipiravir dosage,Favipiravir,0,Favipiravir,189
9,top,favipiravir pret,Favipiravir,0,Favipiravir,189
9,top,avigan tablet,Favipiravir,0,Favipiravir,189
8,top,favipiravir bula,Favipiravir,0,Favipiravir,189
8,top,favipiravir for coronavirus,Favipiravir,0,Favipiravir,189
8,top,favipiravir nedir,Favipiravir,0,Favipiravir,189
7,top,favipiravir 200 mg,Favipiravir,0,Favipiravir,189
7,top,favipiravir prospect,Favipiravir,0,Favipiravir,189
Breakout,rising,avigan favipiravir,Favipiravir,0,Favipiravir,189
Breakout,rising,avigan,Favipiravir,0,Favipiravir,189
Breakout,rising,favipiravir coronavirus,Favipiravir,0,Favipiravir,189
Breakout,rising,favipiravir covid,Favipiravir,0,Favipiravir,189
Breakout,rising,favipiravir corona,Favipiravir,0,Favipiravir,189
Breakout,rising,favipiravir price,Favipiravir,0,Favipiravir,189
Breakout,rising,remdesivir,Favipiravir,0,Favipiravir,189
Breakout,rising,favipiravir fiyat,Favipiravir,0,Favipiravir,189
Breakout,rising,favipiravir tablet,Favipiravir,0,Favipiravir,189
Breakout,rising,favipiravir india,Favipiravir,0,Favipiravir,189
Breakout,rising,favipiravir iÃ§eren ilaÃ§lar,Favipiravir,0,Favipiravir,189
Breakout,rising,favipiravir drug,Favipiravir,0,Favipiravir,189
Breakout,rising,buy favipiravir,Favipiravir,0,Favipiravir,189
Breakout,rising,favipiravir synthesis,Favipiravir,0,Favipiravir,189
Breakout,rising,favipiravir medicine,Favipiravir,0,Favipiravir,189
Breakout,rising,favipiravir etken maddesi,Favipiravir,0,Favipiravir,189
Breakout,rising,favipiravir ilaÃ§,Favipiravir,0,Favipiravir,189
Breakout,rising,favipiravir dosage,Favipiravir,0,Favipiravir,189
Breakout,rising,favipiravir pret,Favipiravir,0,Favipiravir,189
Breakout,rising,avigan tablet,Favipiravir,0,Favipiravir,189
Breakout,rising,favipiravir bula,Favipiravir,0,Favipiravir,189
Breakout,rising,favipiravir for coronavirus,Favipiravir,0,Favipiravir,189
Breakout,rising,favipiravir nedir,Favipiravir,0,Favipiravir,189
Breakout,rising,favipiravir 200 mg,Favipiravir,0,Favipiravir,189
Breakout,rising,favipiravir prospect,Favipiravir,0,Favipiravir,189
100,top,coronavirus remdesivir,Remdesivir,0,Remdesivir,1009.5
57,top,remdesivir gilead,Remdesivir,0,Remdesivir,1009.5
55,top,gilead,Remdesivir,0,Remdesivir,1009.5
40,top,covid remdesivir,Remdesivir,0,Remdesivir,1009.5
30,top,remdesivir corona,Remdesivir,0,Remdesivir,1009.5
26,top,drug remdesivir,Remdesivir,0,Remdesivir,1009.5
22,top,remdesivir stock,Remdesivir,0,Remdesivir,1009.5
21,top,remdesivir covid 19,Remdesivir,0,Remdesivir,1009.5
20,top,remdesivir news,Remdesivir,0,Remdesivir,1009.5
16,top,remdesivir india,Remdesivir,0,Remdesivir,1009.5
14,top,gilead sciences,Remdesivir,0,Remdesivir,1009.5
14,top,remdesivir price,Remdesivir,0,Remdesivir,1009.5
13,top,gilead stock,Remdesivir,0,Remdesivir,1009.5
13,top,remdesivir precio,Remdesivir,0,Remdesivir,1009.5
13,top,remdesivir results,Remdesivir,0,Remdesivir,1009.5
12,top,remdesivir side effects,Remdesivir,0,Remdesivir,1009.5
12,top,gilead sciences remdesivir,Remdesivir,0,Remdesivir,1009.5
11,top,what is remdesivir,Remdesivir,0,Remdesivir,1009.5
11,top,remdesivir medicine,Remdesivir,0,Remdesivir,1009.5
11,top,remdesivir for coronavirus,Remdesivir,0,Remdesivir,1009.5
11,top,remdesivir trial,Remdesivir,0,Remdesivir,1009.5
11,top,remdesivir medicamento,Remdesivir,0,Remdesivir,1009.5
10,top,remdesivir china,Remdesivir,0,Remdesivir,1009.5
9,top,remdesivir cost,Remdesivir,0,Remdesivir,1009.5
9,top,remdesivir antiviral,Remdesivir,0,Remdesivir,1009.5
Breakout,rising,coronavirus remdesivir,Remdesivir,0,Remdesivir,1009.5
Breakout,rising,remdesivir gilead,Remdesivir,0,Remdesivir,1009.5
Breakout,rising,gilead,Remdesivir,0,Remdesivir,1009.5
Breakout,rising,covid remdesivir,Remdesivir,0,Remdesivir,1009.5
Breakout,rising,remdesivir corona,Remdesivir,0,Remdesivir,1009.5
Breakout,rising,drug remdesivir,Remdesivir,0,Remdesivir,1009.5
Breakout,rising,remdesivir stock,Remdesivir,0,Remdesivir,1009.5
Breakout,rising,remdesivir covid 19,Remdesivir,0,Remdesivir,1009.5
Breakout,rising,remdesivir news,Remdesivir,0,Remdesivir,1009.5
Breakout,rising,remdesivir india,Remdesivir,0,Remdesivir,1009.5
Breakout,rising,gilead sciences,Remdesivir,0,Remdesivir,1009.5
Breakout,rising,remdesivir price,Remdesivir,0,Remdesivir,1009.5
Breakout,rising,gilead stock,Remdesivir,0,Remdesivir,1009.5
Breakout,rising,remdesivir precio,Remdesivir,0,Remdesivir,1009.5
Breakout,rising,remdesivir results,Remdesivir,0,Remdesivir,1009.5
Breakout,rising,remdesivir side effects,Remdesivir,0,Remdesivir,1009.5
Breakout,rising,gilead sciences remdesivir,Remdesivir,0,Remdesivir,1009.5
Breakout,rising,what is remdesivir,Remdesivir,0,Remdesivir,1009.5
Breakout,rising,remdesivir medicine,Remdesivir,0,Remdesivir,1009.5
Breakout,rising,remdesivir for coronavirus,Remdesivir,0,Remdesivir,1009.5
Breakout,rising,remdesivir trial,Remdesivir,0,Remdesivir,1009.5
Breakout,rising,remdesivir medicamento,Remdesivir,0,Remdesivir,1009.5
Breakout,rising,remdesivir china,Remdesivir,0,Remdesivir,1009.5
Breakout,rising,remdesivir cost,Remdesivir,0,Remdesivir,1009.5
Breakout,rising,remdesivir antiviral,Remdesivir,0,Remdesivir,1009.5
100,top,tocilizumab,Sarilumab,0,Sarilumab,50.5
77,top,kevzara sarilumab,Sarilumab,0,Sarilumab,50.5
22,top,sarilumab ficha tÃ©cnica,Sarilumab,0,Sarilumab,50.5
11,top,sarilumab ficha tecnica,Sarilumab,0,Sarilumab,50.5
Breakout,rising,sarilumab ficha tÃ©cnica,Sarilumab,0,Sarilumab,50.5
Breakout,rising,sarilumab ficha tecnica,Sarilumab,0,Sarilumab,50.5
+70%,rising,tocilizumab,Sarilumab,0,Sarilumab,50.5
100,top,tocilizumab coronavirus,Tocilizumab,0,Tocilizumab,201.5
52,top,tocilizumab covid,Tocilizumab,0,Tocilizumab,201.5
26,top,farmaco tocilizumab,Tocilizumab,0,Tocilizumab,201.5
23,top,tocilizumab covid 19,Tocilizumab,0,Tocilizumab,201.5
22,top,actemra tocilizumab,Tocilizumab,0,Tocilizumab,201.5
21,top,tocilizumab indicazioni,Tocilizumab,0,Tocilizumab,201.5
21,top,actemra,Tocilizumab,0,Tocilizumab,201.5
17,top,tocilizumab prezzo,Tocilizumab,0,Tocilizumab,201.5
15,top,tocilizumab corona,Tocilizumab,0,Tocilizumab,201.5
15,top,tocilizumab medicament,Tocilizumab,0,Tocilizumab,201.5
15,top,tocilizumab roche,Tocilizumab,0,Tocilizumab,201.5
14,top,roche,Tocilizumab,0,Tocilizumab,201.5
13,top,artrite reumatoide,Tocilizumab,0,Tocilizumab,201.5
13,top,tocilizumab precio,Tocilizumab,0,Tocilizumab,201.5
11,top,farmaco coronavirus,Tocilizumab,0,Tocilizumab,201.5
11,top,remdesivir,Tocilizumab,0,Tocilizumab,201.5
11,top,tocilizumab prix,Tocilizumab,0,Tocilizumab,201.5
11,top,roactemra,Tocilizumab,0,Tocilizumab,201.5
10,top,le tocilizumab,Tocilizumab,0,Tocilizumab,201.5
8,top,tocilizumab price,Tocilizumab,0,Tocilizumab,201.5
8,top,tocilizumab scheda tecnica,Tocilizumab,0,Tocilizumab,201.5
7,top,tocilizumab cena,Tocilizumab,0,Tocilizumab,201.5
7,top,tocilizumab costo,Tocilizumab,0,Tocilizumab,201.5
6,top,tocilizumab que es,Tocilizumab,0,Tocilizumab,201.5
5,top,tocilizumab india,Tocilizumab,0,Tocilizumab,201.5
Breakout,rising,tocilizumab coronavirus,Tocilizumab,0,Tocilizumab,201.5
Breakout,rising,tocilizumab covid,Tocilizumab,0,Tocilizumab,201.5
Breakout,rising,farmaco tocilizumab,Tocilizumab,0,Tocilizumab,201.5
Breakout,rising,tocilizumab covid 19,Tocilizumab,0,Tocilizumab,201.5
Breakout,rising,actemra tocilizumab,Tocilizumab,0,Tocilizumab,201.5
Breakout,rising,tocilizumab indicazioni,Tocilizumab,0,Tocilizumab,201.5
Breakout,rising,tocilizumab prezzo,Tocilizumab,0,Tocilizumab,201.5
Breakout,rising,tocilizumab corona,Tocilizumab,0,Tocilizumab,201.5
Breakout,rising,tocilizumab medicament,Tocilizumab,0,Tocilizumab,201.5
Breakout,rising,tocilizumab roche,Tocilizumab,0,Tocilizumab,201.5
Breakout,rising,roche,Tocilizumab,0,Tocilizumab,201.5
Breakout,rising,artrite reumatoide,Tocilizumab,0,Tocilizumab,201.5
Breakout,rising,tocilizumab precio,Tocilizumab,0,Tocilizumab,201.5
Breakout,rising,farmaco coronavirus,Tocilizumab,0,Tocilizumab,201.5
Breakout,rising,remdesivir,Tocilizumab,0,Tocilizumab,201.5
Breakout,rising,tocilizumab prix,Tocilizumab,0,Tocilizumab,201.5
Breakout,rising,le tocilizumab,Tocilizumab,0,Tocilizumab,201.5
Breakout,rising,tocilizumab price,Tocilizumab,0,Tocilizumab,201.5
Breakout,rising,tocilizumab scheda tecnica,Tocilizumab,0,Tocilizumab,201.5
Breakout,rising,tocilizumab cena,Tocilizumab,0,Tocilizumab,201.5
Breakout,rising,tocilizumab costo,Tocilizumab,0,Tocilizumab,201.5
Breakout,rising,tocilizumab que es,Tocilizumab,0,Tocilizumab,201.5
Breakout,rising,plaquenil,Tocilizumab,0,Tocilizumab,201.5
Breakout,rising,ascierto,Tocilizumab,0,Tocilizumab,201.5
Breakout,rising,ansa,Tocilizumab,0,Tocilizumab,201.5
100,top,empagliflozin,Dapagliflozin,0,Dapagliflozin,131
74,top,dapagliflozin 10 mg,Dapagliflozin,0,Dapagliflozin,131
61,top,forxiga,Dapagliflozin,0,Dapagliflozin,131
61,top,dapagliflozin tablets,Dapagliflozin,0,Dapagliflozin,131
52,top,dapagliflozin dose,Dapagliflozin,0,Dapagliflozin,131
48,top,sitagliptin,Dapagliflozin,0,Dapagliflozin,131
39,top,dapagliflozin propanediol,Dapagliflozin,0,Dapagliflozin,131
26,top,xigduo,Dapagliflozin,0,Dapagliflozin,131
18,top,dapagliflozin in patients with heart failure and reduced ejection fraction,Dapagliflozin,0,Dapagliflozin,131
17,top,dapagliflozin weight loss,Dapagliflozin,0,Dapagliflozin,131
Breakout,rising,dapagliflozin weight loss,Dapagliflozin,0,Dapagliflozin,131
+130%,rising,dapagliflozin propanediol,Dapagliflozin,0,Dapagliflozin,131
+60%,rising,sitagliptin,Dapagliflozin,0,Dapagliflozin,131
100,top,interferon alfa,Interferon,0,Interferón,1790.5
97,top,interferon 2b,Interferon,0,Interferón,1790.5
73,top,interferon alfa 2b,Interferon,0,Interferón,1790.5
42,top,interferon alpha,Interferon,0,Interferón,1790.5
41,top,interferon coronavirus,Interferon,0,Interferón,1790.5
31,top,interferon para que sirve,Interferon,0,Interferón,1790.5
26,top,interferon beta,Interferon,0,Interferón,1790.5
20,top,interferon alpha 2b,Interferon,0,Interferón,1790.5
19,top,interferon que es,Interferon,0,Interferón,1790.5
18,top,cuba interferon,Interferon,0,Interferón,1790.5
18,top,interferon natural,Interferon,0,Interferón,1790.5
16,top,cuba,Interferon,0,Interferón,1790.5
14,top,gamma interferon,Interferon,0,Interferón,1790.5
14,top,interferon covid,Interferon,0,Interferón,1790.5
13,top,interferon 2b coronavirus,Interferon,0,Interferón,1790.5
11,top,que es el interferon,Interferon,0,Interferón,1790.5
11,top,interferon b2,Interferon,0,Interferón,1790.5
11,top,interferon precio,Interferon,0,Interferón,1790.5
10,top,interferon alfa 2b coronavirus,Interferon,0,Interferón,1790.5
10,top,interferon alfa b2,Interferon,0,Interferón,1790.5
7,top,cuba coronavirus,Interferon,0,Interferón,1790.5
7,top,interferon que contiene,Interferon,0,Interferón,1790.5
7,top,para que sirve el interferon,Interferon,0,Interferón,1790.5
7,top,what is interferon,Interferon,0,Interferón,1790.5
6,top,interferon covid 19,Interferon,0,Interferón,1790.5
Breakout,rising,interferon coronavirus,Interferon,0,Interferón,1790.5
Breakout,rising,interferon covid,Interferon,0,Interferón,1790.5
Breakout,rising,interferon 2b coronavirus,Interferon,0,Interferón,1790.5
Breakout,rising,interferon b2,Interferon,0,Interferón,1790.5
Breakout,rising,interferon alfa 2b coronavirus,Interferon,0,Interferón,1790.5
Breakout,rising,interferon alfa b2,Interferon,0,Interferón,1790.5
Breakout,rising,cuba coronavirus,Interferon,0,Interferón,1790.5
Breakout,rising,interferon que contiene,Interferon,0,Interferón,1790.5
Breakout,rising,interferon covid 19,Interferon,0,Interferón,1790.5
Breakout,rising,que alimentos contienen interferon,Interferon,0,Interferón,1790.5
Breakout,rising,te verde interferon,Interferon,0,Interferón,1790.5
Breakout,rising,interferon alpha 2,Interferon,0,Interferón,1790.5
Breakout,rising,interferon en alimentos,Interferon,0,Interferón,1790.5
Breakout,rising,interferon alfa 2b precio,Interferon,0,Interferón,1790.5
Breakout,rising,interferon alfa 2b que es,Interferon,0,Interferón,1790.5
Breakout,rising,interferon alfa 2b para que sirve,Interferon,0,Interferón,1790.5
Breakout,rising,interferon y coronavirus,Interferon,0,Interferón,1790.5
Breakout,rising,interferon alpha 2 b,Interferon,0,Interferón,1790.5
Breakout,rising,interferon cubano,Interferon,0,Interferón,1790.5
Breakout,rising,interferon natural alimentos,Interferon,0,Interferón,1790.5
Breakout,rising,alimentos con interferon,Interferon,0,Interferón,1790.5
Breakout,rising,interferon a 2b,Interferon,0,Interferón,1790.5
Breakout,rising,cuba interferon alpha 2b,Interferon,0,Interferón,1790.5
Breakout,rising,diente de leon,Interferon,0,Interferón,1790.5
Breakout,rising,que contiene el interferon,Interferon,0,Interferón,1790.5
100,top,interferÃ³n alfa,Interferón,0,Interferón,1790.5
95,top,interferÃ³n 2b,Interferón,0,Interferón,1790.5
85,top,interferÃ³n alfa 2b,Interferón,0,Interferón,1790.5
66,top,interferon,Interferón,0,Interferón,1790.5
37,top,que es el interferÃ³n,Interferón,0,Interferón,1790.5
30,top,quÃ© es interferÃ³n,Interferón,0,Interferón,1790.5
22,top,interferon para que sirve,Interferón,0,Interferón,1790.5
18,top,quÃ© es el interferÃ³n,Interferón,0,Interferón,1790.5
18,top,interferÃ³n donde lo consigo,Interferón,0,Interferón,1790.5
17,top,que es el interferÃ³n y para que sirve,Interferón,0,Interferón,1790.5
16,top,interferon alfa 2b,Interferón,0,Interferón,1790.5
12,top,que es el interferÃ³n alfa 2b,Interferón,0,Interferón,1790.5
12,top,para quÃ© sirve el interferÃ³n,Interferón,0,Interferón,1790.5
6,top,interferon beta,Interferón,0,Interferón,1790.5
6,top,interferÃ³n alfa-2b,Interferón,0,Interferón,1790.5
Breakout,rising,interferÃ³n 2b,Interferón,0,Interferón,1790.5
Breakout,rising,interferÃ³n alfa 2b,Interferón,0,Interferón,1790.5
Breakout,rising,interferon para que sirve,Interferón,0,Interferón,1790.5
Breakout,rising,quÃ© es el interferÃ³n,Interferón,0,Interferón,1790.5
Breakout,rising,interferÃ³n donde lo consigo,Interferón,0,Interferón,1790.5
Breakout,rising,que es el interferÃ³n y para que sirve,Interferón,0,Interferón,1790.5
Breakout,rising,interferon alfa 2b,Interferón,0,Interferón,1790.5
Breakout,rising,que es el interferÃ³n alfa 2b,Interferón,0,Interferón,1790.5
Breakout,rising,para quÃ© sirve el interferÃ³n,Interferón,0,Interferón,1790.5
Breakout,rising,interferon beta,Interferón,0,Interferón,1790.5
Breakout,rising,interferÃ³n alfa-2b,Interferón,0,Interferón,1790.5
+70%,rising,interferÃ³n alfa,Interferón,0,Interferón,1790.5
100,top,lopinavir,Lopinavir/ritonavir,0,Lopinavir OR Ritonavir,540.5
100,top,lopinavir/ritonavir coronavirus,Lopinavir/ritonavir,0,Lopinavir OR Ritonavir,540.5
87,top,remdesivir,Lopinavir/ritonavir,0,Lopinavir OR Ritonavir,540.5
Breakout,rising,lopinavir/ritonavir coronavirus,Lopinavir/ritonavir,0,Lopinavir OR Ritonavir,540.5
Breakout,rising,remdesivir,Lopinavir/ritonavir,0,Lopinavir OR Ritonavir,540.5
100,top,ritonavir lopinavir,Ritonavir,0,Lopinavir OR Ritonavir,540.5
90,top,lopinavir,Ritonavir,0,Lopinavir OR Ritonavir,540.5
33,top,lopinavir and ritonavir,Ritonavir,0,Lopinavir OR Ritonavir,540.5
30,top,ritonavir coronavirus,Ritonavir,0,Lopinavir OR Ritonavir,540.5
11,top,remdesivir,Ritonavir,0,Lopinavir OR Ritonavir,540.5
10,top,kaletra,Ritonavir,0,Lopinavir OR Ritonavir,540.5
9,top,ritonavir y lopinavir,Ritonavir,0,Lopinavir OR Ritonavir,540.5
7,top,oseltamivir,Ritonavir,0,Lopinavir OR Ritonavir,540.5
7,top,chloroquine,Ritonavir,0,Lopinavir OR Ritonavir,540.5
6,top,lopinavir ritonavir tablets,Ritonavir,0,Lopinavir OR Ritonavir,540.5
6,top,darunavir ritonavir,Ritonavir,0,Lopinavir OR Ritonavir,540.5
5,top,lopinavir e ritonavir,Ritonavir,0,Lopinavir OR Ritonavir,540.5
4,top,darunavir,Ritonavir,0,Lopinavir OR Ritonavir,540.5
4,top,lopinavir and ritonavir tablets,Ritonavir,0,Lopinavir OR Ritonavir,540.5
4,top,ritonavir uses,Ritonavir,0,Lopinavir OR Ritonavir,540.5
4,top,lopinavir ritonavir precio,Ritonavir,0,Lopinavir OR Ritonavir,540.5
3,top,lopinavir/ritonavir,Ritonavir,0,Lopinavir OR Ritonavir,540.5
3,top,atazanavir ritonavir,Ritonavir,0,Lopinavir OR Ritonavir,540.5
3,top,favipiravir,Ritonavir,0,Lopinavir OR Ritonavir,540.5
2,top,hidroxicloroquina,Ritonavir,0,Lopinavir OR Ritonavir,540.5
2,top,interferon,Ritonavir,0,Lopinavir OR Ritonavir,540.5
2,top,ritonavir tablet,Ritonavir,0,Lopinavir OR Ritonavir,540.5
2,top,ritonavir prix,Ritonavir,0,Lopinavir OR Ritonavir,540.5
2,top,lopinavir and ritonavir manufacturer in india,Ritonavir,0,Lopinavir OR Ritonavir,540.5
1,top,ritonavir side effects,Ritonavir,0,Lopinavir OR Ritonavir,540.5
Breakout,rising,ritonavir coronavirus,Ritonavir,0,Lopinavir OR Ritonavir,540.5
Breakout,rising,remdesivir,Ritonavir,0,Lopinavir OR Ritonavir,540.5
Breakout,rising,kaletra,Ritonavir,0,Lopinavir OR Ritonavir,540.5
Breakout,rising,oseltamivir,Ritonavir,0,Lopinavir OR Ritonavir,540.5
Breakout,rising,chloroquine,Ritonavir,0,Lopinavir OR Ritonavir,540.5
Breakout,rising,lopinavir ritonavir tablets,Ritonavir,0,Lopinavir OR Ritonavir,540.5
Breakout,rising,lopinavir e ritonavir,Ritonavir,0,Lopinavir OR Ritonavir,540.5
Breakout,rising,lopinavir and ritonavir tablets,Ritonavir,0,Lopinavir OR Ritonavir,540.5
Breakout,rising,lopinavir ritonavir precio,Ritonavir,0,Lopinavir OR Ritonavir,540.5
Breakout,rising,lopinavir/ritonavir,Ritonavir,0,Lopinavir OR Ritonavir,540.5
Breakout,rising,favipiravir,Ritonavir,0,Lopinavir OR Ritonavir,540.5
Breakout,rising,hidroxicloroquina,Ritonavir,0,Lopinavir OR Ritonavir,540.5
Breakout,rising,interferon,Ritonavir,0,Lopinavir OR Ritonavir,540.5
Breakout,rising,ritonavir tablet,Ritonavir,0,Lopinavir OR Ritonavir,540.5
Breakout,rising,ritonavir prix,Ritonavir,0,Lopinavir OR Ritonavir,540.5
Breakout,rising,lopinavir and ritonavir manufacturer in india,Ritonavir,0,Lopinavir OR Ritonavir,540.5
Breakout,rising,lopinavir È™i ritonavir,Ritonavir,0,Lopinavir OR Ritonavir,540.5
+800%,rising,lopinavir and ritonavir,Ritonavir,0,Lopinavir OR Ritonavir,540.5
+600%,rising,ritonavir lopinavir,Ritonavir,0,Lopinavir OR Ritonavir,540.5
+400%,rising,lopinavir,Ritonavir,0,Lopinavir OR Ritonavir,540.5
+400%,rising,ritonavir y lopinavir,Ritonavir,0,Lopinavir OR Ritonavir,540.5
+130%,rising,ritonavir uses,Ritonavir,0,Lopinavir OR Ritonavir,540.5
100,top,ritonavir lopinavir,Lopinavir,0,Lopinavir OR Ritonavir,540.5
95,top,ritonavir,Lopinavir,0,Lopinavir OR Ritonavir,540.5
31,top,lopinavir coronavirus,Lopinavir,0,Lopinavir OR Ritonavir,540.5
30,top,ritonavir and lopinavir,Lopinavir,0,Lopinavir OR Ritonavir,540.5
16,top,oseltamivir,Lopinavir,0,Lopinavir OR Ritonavir,540.5
16,top,remdesivir,Lopinavir,0,Lopinavir OR Ritonavir,540.5
12,top,kaletra,Lopinavir,0,Lopinavir OR Ritonavir,540.5
10,top,chloroquine,Lopinavir,0,Lopinavir OR Ritonavir,540.5
8,top,lopinavir y ritonavir,Lopinavir,0,Lopinavir OR Ritonavir,540.5
6,top,lopinavir/ritonavir,Lopinavir,0,Lopinavir OR Ritonavir,540.5
6,top,hydroxychloroquine,Lopinavir,0,Lopinavir OR Ritonavir,540.5
5,top,lopinavir tablet,Lopinavir,0,Lopinavir OR Ritonavir,540.5
5,top,chlorphenamine,Lopinavir,0,Lopinavir OR Ritonavir,540.5
4,top,lopinavir drug,Lopinavir,0,Lopinavir OR Ritonavir,540.5
4,top,lopinavir precio,Lopinavir,0,Lopinavir OR Ritonavir,540.5
3,top,lopinavir uses,Lopinavir,0,Lopinavir OR Ritonavir,540.5
3,top,lopinavir medicine,Lopinavir,0,Lopinavir OR Ritonavir,540.5
3,top,cloroquina,Lopinavir,0,Lopinavir OR Ritonavir,540.5
2,top,ritonavir e lopinavir,Lopinavir,0,Lopinavir OR Ritonavir,540.5
2,top,lopinavir mechanism of action,Lopinavir,0,Lopinavir OR Ritonavir,540.5
2,top,lopinavir and ritonavir tablets,Lopinavir,0,Lopinavir OR Ritonavir,540.5
1,top,pubmed,Lopinavir,0,Lopinavir OR Ritonavir,540.5
1,top,lopinavir prospect,Lopinavir,0,Lopinavir OR Ritonavir,540.5
1,top,lopinavir iÃ§eren ilaÃ§lar,Lopinavir,0,Lopinavir OR Ritonavir,540.5
1,top,clorfenamina,Lopinavir,0,Lopinavir OR Ritonavir,540.5
Breakout,rising,lopinavir coronavirus,Lopinavir,0,Lopinavir OR Ritonavir,540.5
Breakout,rising,oseltamivir,Lopinavir,0,Lopinavir OR Ritonavir,540.5
Breakout,rising,remdesivir,Lopinavir,0,Lopinavir OR Ritonavir,540.5
Breakout,rising,kaletra,Lopinavir,0,Lopinavir OR Ritonavir,540.5
Breakout,rising,chloroquine,Lopinavir,0,Lopinavir OR Ritonavir,540.5
Breakout,rising,lopinavir y ritonavir,Lopinavir,0,Lopinavir OR Ritonavir,540.5
Breakout,rising,hydroxychloroquine,Lopinavir,0,Lopinavir OR Ritonavir,540.5
Breakout,rising,lopinavir tablet,Lopinavir,0,Lopinavir OR Ritonavir,540.5
Breakout,rising,chlorphenamine,Lopinavir,0,Lopinavir OR Ritonavir,540.5
Breakout,rising,lopinavir uses,Lopinavir,0,Lopinavir OR Ritonavir,540.5
Breakout,rising,lopinavir medicine,Lopinavir,0,Lopinavir OR Ritonavir,540.5
Breakout,rising,cloroquina,Lopinavir,0,Lopinavir OR Ritonavir,540.5
Breakout,rising,ritonavir e lopinavir,Lopinavir,0,Lopinavir OR Ritonavir,540.5
Breakout,rising,lopinavir mechanism of action,Lopinavir,0,Lopinavir OR Ritonavir,540.5
Breakout,rising,pubmed,Lopinavir,0,Lopinavir OR Ritonavir,540.5
Breakout,rising,lopinavir prospect,Lopinavir,0,Lopinavir OR Ritonavir,540.5
Breakout,rising,lopinavir iÃ§eren ilaÃ§lar,Lopinavir,0,Lopinavir OR Ritonavir,540.5
Breakout,rising,clorfenamina,Lopinavir,0,Lopinavir OR Ritonavir,540.5
Breakout,rising,lopinavir preÃ§o,Lopinavir,0,Lopinavir OR Ritonavir,540.5
Breakout,rising,lopinavir and ritonavir manufacturer in india,Lopinavir,0,Lopinavir OR Ritonavir,540.5
Breakout,rising,truvada,Lopinavir,0,Lopinavir OR Ritonavir,540.5
+90%,rising,ritonavir and lopinavir,Lopinavir,0,Lopinavir OR Ritonavir,540.5
100,top,indian mms,MMS,0,Cloro OR MMS OR Dióxido de cloro,13111.5
94,top,mms video,MMS,0,Cloro OR MMS OR Dióxido de cloro,13111.5
94,top,desi mms,MMS,0,Cloro OR MMS OR Dióxido de cloro,13111.5
43,top,mms girl,MMS,0,Cloro OR MMS OR Dióxido de cloro,13111.5
35,top,mms videos,MMS,0,Cloro OR MMS OR Dióxido de cloro,13111.5
35,top,hindi mms,MMS,0,Cloro OR MMS OR Dióxido de cloro,13111.5
30,top,new mms,MMS,0,Cloro OR MMS OR Dióxido de cloro,13111.5
26,top,hot mms,MMS,0,Cloro OR MMS OR Dióxido de cloro,13111.5
17,top,mms school,MMS,0,Cloro OR MMS OR Dióxido de cloro,13111.5
17,top,real mms,MMS,0,Cloro OR MMS OR Dióxido de cloro,13111.5
13,top,ragini mms,MMS,0,Cloro OR MMS OR Dióxido de cloro,13111.5
12,top,leaked mms,MMS,0,Cloro OR MMS OR Dióxido de cloro,13111.5
8,top,ragini mms 2,MMS,0,Cloro OR MMS OR Dióxido de cloro,13111.5
7,top,mms bf,MMS,0,Cloro OR MMS OR Dióxido de cloro,13111.5
6,top,sms,MMS,0,Cloro OR MMS OR Dióxido de cloro,13111.5
5,top,ragini mms returns,MMS,0,Cloro OR MMS OR Dióxido de cloro,13111.5
4,top,bengali mms,MMS,0,Cloro OR MMS OR Dióxido de cloro,13111.5
4,top,deshi mms,MMS,0,Cloro OR MMS OR Dióxido de cloro,13111.5
4,top,mms coronavirus,MMS,0,Cloro OR MMS OR Dióxido de cloro,13111.5
4,top,ragini mms returns 2,MMS,0,Cloro OR MMS OR Dióxido de cloro,13111.5
3,top,bangla mms,MMS,0,Cloro OR MMS OR Dióxido de cloro,13111.5
3,top,bollywood mms,MMS,0,Cloro OR MMS OR Dióxido de cloro,13111.5
3,top,leak mms,MMS,0,Cloro OR MMS OR Dióxido de cloro,13111.5
3,top,unseen mms,MMS,0,Cloro OR MMS OR Dióxido de cloro,13111.5
3,top,mms messages,MMS,0,Cloro OR MMS OR Dióxido de cloro,13111.5
Breakout,rising,mms coronavirus,MMS,0,Cloro OR MMS OR Dióxido de cloro,13111.5
"+3,100%",rising,andreas kalcker mms,MMS,0,Cloro OR MMS OR Dióxido de cloro,13111.5
"+2,950%",rising,mms bee.com,MMS,0,Cloro OR MMS OR Dióxido de cloro,13111.5
"+2,700%",rising,andreas kalcker,MMS,0,Cloro OR MMS OR Dióxido de cloro,13111.5
"+1,850%",rising,mms bee,MMS,0,Cloro OR MMS OR Dióxido de cloro,13111.5
"+1,200%",rising,mms diÃ³xido de cloro,MMS,0,Cloro OR MMS OR Dióxido de cloro,13111.5
"+1,100%",rising,dioxido de cloro mms,MMS,0,Cloro OR MMS OR Dióxido de cloro,13111.5
"+1,100%",rising,mms pamies,MMS,0,Cloro OR MMS OR Dióxido de cloro,13111.5
"+1,000%",rising,mms supplement,MMS,0,Cloro OR MMS OR Dióxido de cloro,13111.5
+900%,rising,clorito de sodio mms,MMS,0,Cloro OR MMS OR Dióxido de cloro,13111.5
+800%,rising,mms comprar,MMS,0,Cloro OR MMS OR Dióxido de cloro,13111.5
+750%,rising,dioxido de cloro,MMS,0,Cloro OR MMS OR Dióxido de cloro,13111.5
+750%,rising,mms drops,MMS,0,Cloro OR MMS OR Dióxido de cloro,13111.5
+400%,rising,mms filmes,MMS,0,Cloro OR MMS OR Dióxido de cloro,13111.5
+350%,rising,que es el mms,MMS,0,Cloro OR MMS OR Dióxido de cloro,13111.5
+300%,rising,cds mms,MMS,0,Cloro OR MMS OR Dióxido de cloro,13111.5
+300%,rising,mms tropfen,MMS,0,Cloro OR MMS OR Dióxido de cloro,13111.5
+300%,rising,que es mms,MMS,0,Cloro OR MMS OR Dióxido de cloro,13111.5
+250%,rising,jim humble mms,MMS,0,Cloro OR MMS OR Dióxido de cloro,13111.5
+250%,rising,mms thÃ¼ringen,MMS,0,Cloro OR MMS OR Dióxido de cloro,13111.5
+200%,rising,masalaseen,MMS,0,Cloro OR MMS OR Dióxido de cloro,13111.5
+140%,rising,mms kaufen,MMS,0,Cloro OR MMS OR Dióxido de cloro,13111.5
+140%,rising,mms medicamento,MMS,0,Cloro OR MMS OR Dióxido de cloro,13111.5
+120%,rising,mms ãƒ¡ãƒ¼ãƒ« ã‚¢ãƒ‰ãƒ¬ã‚¹ ã¨ ã¯,MMS,0,Cloro OR MMS OR Dióxido de cloro,13111.5
+80%,rising,full form of mms,MMS,0,Cloro OR MMS OR Dióxido de cloro,13111.5
100,top,dioxido de cloro,Dióxido de cloro,0,Cloro OR MMS OR Dióxido de cloro,13111.5
60,top,diÃ³xido de cloro que es,Dióxido de cloro,0,Cloro OR MMS OR Dióxido de cloro,13111.5
48,top,mms diÃ³xido de cloro,Dióxido de cloro,0,Cloro OR MMS OR Dióxido de cloro,13111.5
39,top,diÃ³xido de cloro en farmacias,Dióxido de cloro,0,Cloro OR MMS OR Dióxido de cloro,13111.5
39,top,cds diÃ³xido de cloro,Dióxido de cloro,0,Cloro OR MMS OR Dióxido de cloro,13111.5
38,top,diÃ³xido de cloro coronavirus,Dióxido de cloro,0,Cloro OR MMS OR Dióxido de cloro,13111.5
36,top,diÃ³xido de cloro andreas kalcker,Dióxido de cloro,0,Cloro OR MMS OR Dióxido de cloro,13111.5
36,top,cds,Dióxido de cloro,0,Cloro OR MMS OR Dióxido de cloro,13111.5
36,top,diÃ³xido de cloro comprar,Dióxido de cloro,0,Cloro OR MMS OR Dióxido de cloro,13111.5
34,top,andreas kalcker,Dióxido de cloro,0,Cloro OR MMS OR Dióxido de cloro,13111.5
30,top,que es el diÃ³xido de cloro,Dióxido de cloro,0,Cloro OR MMS OR Dióxido de cloro,13111.5
25,top,quÃ© es diÃ³xido de cloro,Dióxido de cloro,0,Cloro OR MMS OR Dióxido de cloro,13111.5
25,top,diÃ³xido de cloro para que sirve,Dióxido de cloro,0,Cloro OR MMS OR Dióxido de cloro,13111.5
18,top,quÃ© es el diÃ³xido de cloro,Dióxido de cloro,0,Cloro OR MMS OR Dióxido de cloro,13111.5
11,top,diÃ³xido de cloro precio,Dióxido de cloro,0,Cloro OR MMS OR Dióxido de cloro,13111.5
11,top,para que sirve el diÃ³xido de cloro,Dióxido de cloro,0,Cloro OR MMS OR Dióxido de cloro,13111.5
9,top,diÃ³xido de cloro usos,Dióxido de cloro,0,Cloro OR MMS OR Dióxido de cloro,13111.5
9,top,diÃ³xido de cloro en walmart,Dióxido de cloro,0,Cloro OR MMS OR Dióxido de cloro,13111.5
6,top,diÃ³xido de cloro mercado libre,Dióxido de cloro,0,Cloro OR MMS OR Dióxido de cloro,13111.5
5,top,para quÃ© sirve el diÃ³xido de cloro,Dióxido de cloro,0,Cloro OR MMS OR Dióxido de cloro,13111.5
5,top,diÃ³xido de cloro en alimentos,Dióxido de cloro,0,Cloro OR MMS OR Dióxido de cloro,13111.5
4,top,que es el diÃ³xido de cloro y para que sirve,Dióxido de cloro,0,Cloro OR MMS OR Dióxido de cloro,13111.5
Breakout,rising,diÃ³xido de cloro en farmacias,Dióxido de cloro,0,Cloro OR MMS OR Dióxido de cloro,13111.5
Breakout,rising,cds diÃ³xido de cloro,Dióxido de cloro,0,Cloro OR MMS OR Dióxido de cloro,13111.5
Breakout,rising,diÃ³xido de cloro coronavirus,Dióxido de cloro,0,Cloro OR MMS OR Dióxido de cloro,13111.5
Breakout,rising,andreas kalcker,Dióxido de cloro,0,Cloro OR MMS OR Dióxido de cloro,13111.5
Breakout,rising,diÃ³xido de cloro precio,Dióxido de cloro,0,Cloro OR MMS OR Dióxido de cloro,13111.5
Breakout,rising,diÃ³xido de cloro usos,Dióxido de cloro,0,Cloro OR MMS OR Dióxido de cloro,13111.5
Breakout,rising,diÃ³xido de cloro en walmart,Dióxido de cloro,0,Cloro OR MMS OR Dióxido de cloro,13111.5
Breakout,rising,diÃ³xido de cloro mercado libre,Dióxido de cloro,0,Cloro OR MMS OR Dióxido de cloro,13111.5
Breakout,rising,diÃ³xido de cloro en alimentos,Dióxido de cloro,0,Cloro OR MMS OR Dióxido de cloro,13111.5
+40%,rising,mms diÃ³xido de cloro,Dióxido de cloro,0,Cloro OR MMS OR Dióxido de cloro,13111.5
100,top,what is chlorine dioxide,Chlorine dioxide,0,Cloro OR MMS OR Dióxido de cloro,13111.5
72,top,mms,Chlorine dioxide,0,Cloro OR MMS OR Dióxido de cloro,13111.5
62,top,mms chlorine dioxide,Chlorine dioxide,0,Cloro OR MMS OR Dióxido de cloro,13111.5
59,top,chlorine dioxide tablets,Chlorine dioxide,0,Cloro OR MMS OR Dióxido de cloro,13111.5
57,top,chlorine dioxide solution,Chlorine dioxide,0,Cloro OR MMS OR Dióxido de cloro,13111.5
56,top,chlorine dioxide formula,Chlorine dioxide,0,Cloro OR MMS OR Dióxido de cloro,13111.5
46,top,chlorine dioxide disinfectant,Chlorine dioxide,0,Cloro OR MMS OR Dióxido de cloro,13111.5
37,top,sulfur dioxide,Chlorine dioxide,0,Cloro OR MMS OR Dióxido de cloro,13111.5
32,top,chlorine dioxide coronavirus,Chlorine dioxide,0,Cloro OR MMS OR Dióxido de cloro,13111.5
29,top,dioxido de cloro,Chlorine dioxide,0,Cloro OR MMS OR Dióxido de cloro,13111.5
21,top,chlorine dioxide mouthwash,Chlorine dioxide,0,Cloro OR MMS OR Dióxido de cloro,13111.5
21,top,stabilized chlorine dioxide,Chlorine dioxide,0,Cloro OR MMS OR Dióxido de cloro,13111.5
21,top,chlorine dioxide uses,Chlorine dioxide,0,Cloro OR MMS OR Dióxido de cloro,13111.5
19,top,chlorine dioxide safety,Chlorine dioxide,0,Cloro OR MMS OR Dióxido de cloro,13111.5
16,top,äºŒ æ°§åŒ– æ°¯,Chlorine dioxide,0,Cloro OR MMS OR Dióxido de cloro,13111.5
Breakout,rising,chlorine dioxide coronavirus,Chlorine dioxide,0,Cloro OR MMS OR Dióxido de cloro,13111.5
Breakout,rising,dioxido de cloro,Chlorine dioxide,0,Cloro OR MMS OR Dióxido de cloro,13111.5
Breakout,rising,chlorine dioxide uses,Chlorine dioxide,0,Cloro OR MMS OR Dióxido de cloro,13111.5
Breakout,rising,chlorine dioxide safety,Chlorine dioxide,0,Cloro OR MMS OR Dióxido de cloro,13111.5
Breakout,rising,äºŒ æ°§åŒ– æ°¯,Chlorine dioxide,0,Cloro OR MMS OR Dióxido de cloro,13111.5
"+1,150%",rising,mms,Chlorine dioxide,0,Cloro OR MMS OR Dióxido de cloro,13111.5
+950%,rising,mms chlorine dioxide,Chlorine dioxide,0,Cloro OR MMS OR Dióxido de cloro,13111.5
+250%,rising,chlorine dioxide tablets,Chlorine dioxide,0,Cloro OR MMS OR Dióxido de cloro,13111.5
+160%,rising,chlorine dioxide disinfectant,Chlorine dioxide,0,Cloro OR MMS OR Dióxido de cloro,13111.5
+100%,rising,chlorine dioxide solution,Chlorine dioxide,0,Cloro OR MMS OR Dióxido de cloro,13111.5
+80%,rising,stabilized chlorine dioxide,Chlorine dioxide,0,Cloro OR MMS OR Dióxido de cloro,13111.5
100,top,chlorine water,Chlorine,0,Cloro OR MMS OR Dióxido de cloro,13111.5
76,top,pool chlorine,Chlorine,0,Cloro OR MMS OR Dióxido de cloro,13111.5
69,top,what is chlorine,Chlorine,0,Cloro OR MMS OR Dióxido de cloro,13111.5
53,top,chlorine gas,Chlorine,0,Cloro OR MMS OR Dióxido de cloro,13111.5
47,top,chlorine in water,Chlorine,0,Cloro OR MMS OR Dióxido de cloro,13111.5
42,top,sodium,Chlorine,0,Cloro OR MMS OR Dióxido de cloro,13111.5
42,top,sodium chlorine,Chlorine,0,Cloro OR MMS OR Dióxido de cloro,13111.5
41,top,chlorine dioxide,Chlorine,0,Cloro OR MMS OR Dióxido de cloro,13111.5
33,top,chlorine bleach,Chlorine,0,Cloro OR MMS OR Dióxido de cloro,13111.5
32,top,bleach,Chlorine,0,Cloro OR MMS OR Dióxido de cloro,13111.5
28,top,chlorine tablets,Chlorine,0,Cloro OR MMS OR Dióxido de cloro,13111.5
28,top,chloride,Chlorine,0,Cloro OR MMS OR Dióxido de cloro,13111.5
26,top,chlorine formula,Chlorine,0,Cloro OR MMS OR Dióxido de cloro,13111.5
20,top,bromine,Chlorine,0,Cloro OR MMS OR Dióxido de cloro,13111.5
20,top,carbon,Chlorine,0,Cloro OR MMS OR Dióxido de cloro,13111.5
19,top,chlorine periodic table,Chlorine,0,Cloro OR MMS OR Dióxido de cloro,13111.5
18,top,mass of chlorine,Chlorine,0,Cloro OR MMS OR Dióxido de cloro,13111.5
17,top,periodic table,Chlorine,0,Cloro OR MMS OR Dióxido de cloro,13111.5
17,top,chlorine atom,Chlorine,0,Cloro OR MMS OR Dióxido de cloro,13111.5
17,top,chlorine free,Chlorine,0,Cloro OR MMS OR Dióxido de cloro,13111.5
17,top,hot tub chlorine,Chlorine,0,Cloro OR MMS OR Dióxido de cloro,13111.5
17,top,chlorine coronavirus,Chlorine,0,Cloro OR MMS OR Dióxido de cloro,13111.5
16,top,element,Chlorine,0,Cloro OR MMS OR Dióxido de cloro,13111.5
16,top,chlorine element,Chlorine,0,Cloro OR MMS OR Dióxido de cloro,13111.5
15,top,potassium,Chlorine,0,Cloro OR MMS OR Dióxido de cloro,13111.5
Breakout,rising,chlorine coronavirus,Chlorine,0,Cloro OR MMS OR Dióxido de cloro,13111.5
Breakout,rising,does chlorine kill coronavirus,Chlorine,0,Cloro OR MMS OR Dióxido de cloro,13111.5
Breakout,rising,does chlorine kill viruses,Chlorine,0,Cloro OR MMS OR Dióxido de cloro,13111.5
Breakout,rising,chlorine dioxide coronavirus,Chlorine,0,Cloro OR MMS OR Dióxido de cloro,13111.5
Breakout,rising,mms,Chlorine,0,Cloro OR MMS OR Dióxido de cloro,13111.5
Breakout,rising,chlorine and coronavirus,Chlorine,0,Cloro OR MMS OR Dióxido de cloro,13111.5
Breakout,rising,does chlorine kill corona,Chlorine,0,Cloro OR MMS OR Dióxido de cloro,13111.5
Breakout,rising,chloroquine,Chlorine,0,Cloro OR MMS OR Dióxido de cloro,13111.5
Breakout,rising,does chlorine kill corona virus,Chlorine,0,Cloro OR MMS OR Dióxido de cloro,13111.5
Breakout,rising,can chlorine kill coronavirus,Chlorine,0,Cloro OR MMS OR Dióxido de cloro,13111.5
Breakout,rising,does chlorine kill covid,Chlorine,0,Cloro OR MMS OR Dióxido de cloro,13111.5
Breakout,rising,does chlorine kill covid 19,Chlorine,0,Cloro OR MMS OR Dióxido de cloro,13111.5
Breakout,rising,dioxido de cloro,Chlorine,0,Cloro OR MMS OR Dióxido de cloro,13111.5
Breakout,rising,can chlorine kill viruses,Chlorine,0,Cloro OR MMS OR Dióxido de cloro,13111.5
Breakout,rising,does chlorine kill coronavirus swimming,Chlorine,0,Cloro OR MMS OR Dióxido de cloro,13111.5
Breakout,rising,does chlorine kill the coronavirus,Chlorine,0,Cloro OR MMS OR Dióxido de cloro,13111.5
Breakout,rising,coronavirus swimming pool chlorine,Chlorine,0,Cloro OR MMS OR Dióxido de cloro,13111.5
Breakout,rising,does pool chlorine kill viruses,Chlorine,0,Cloro OR MMS OR Dióxido de cloro,13111.5
Breakout,rising,hydroxy chlorine,Chlorine,0,Cloro OR MMS OR Dióxido de cloro,13111.5
Breakout,rising,chlorine and corona virus,Chlorine,0,Cloro OR MMS OR Dióxido de cloro,13111.5
Breakout,rising,clorox chlorine tablets,Chlorine,0,Cloro OR MMS OR Dióxido de cloro,13111.5
Breakout,rising,does pool chlorine kill coronavirus,Chlorine,0,Cloro OR MMS OR Dióxido de cloro,13111.5
Breakout,rising,can chlorine kill virus,Chlorine,0,Cloro OR MMS OR Dióxido de cloro,13111.5
Breakout,rising,does chlorine kill coronavirus in pools,Chlorine,0,Cloro OR MMS OR Dióxido de cloro,13111.5
Breakout,rising,does chlorine kill covid-19,Chlorine,0,Cloro OR MMS OR Dióxido de cloro,13111.5
100,top,dioxido cloro,Cloro,0,Cloro OR MMS OR Dióxido de cloro,13111.5
97,top,dioxido de cloro,Cloro,0,Cloro OR MMS OR Dióxido de cloro,13111.5
46,top,cloro piscina,Cloro,0,Cloro OR MMS OR Dióxido de cloro,13111.5
36,top,que es cloro,Cloro,0,Cloro OR MMS OR Dióxido de cloro,13111.5
35,top,cloro coronavirus,Cloro,0,Cloro OR MMS OR Dióxido de cloro,13111.5
35,top,diÃ³xido de cloro,Cloro,0,Cloro OR MMS OR Dióxido de cloro,13111.5
30,top,sodio,Cloro,0,Cloro OR MMS OR Dióxido de cloro,13111.5
22,top,que es el cloro,Cloro,0,Cloro OR MMS OR Dióxido de cloro,13111.5
21,top,cloro de piscina,Cloro,0,Cloro OR MMS OR Dióxido de cloro,13111.5
21,top,cloro para desinfectar,Cloro,0,Cloro OR MMS OR Dióxido de cloro,13111.5
18,top,agua con cloro,Cloro,0,Cloro OR MMS OR Dióxido de cloro,13111.5
16,top,cloro para piscina,Cloro,0,Cloro OR MMS OR Dióxido de cloro,13111.5
14,top,hipoclorito,Cloro,0,Cloro OR MMS OR Dióxido de cloro,13111.5
12,top,cloro gel,Cloro,0,Cloro OR MMS OR Dióxido de cloro,13111.5
12,top,hipoclorito de cloro,Cloro,0,Cloro OR MMS OR Dióxido de cloro,13111.5
10,top,potasio,Cloro,0,Cloro OR MMS OR Dióxido de cloro,13111.5
10,top,desinfectar con cloro,Cloro,0,Cloro OR MMS OR Dióxido de cloro,13111.5
10,top,cloro formula,Cloro,0,Cloro OR MMS OR Dióxido de cloro,13111.5
9,top,cloro para coronavirus,Cloro,0,Cloro OR MMS OR Dióxido de cloro,13111.5
8,top,como hacer cloro,Cloro,0,Cloro OR MMS OR Dióxido de cloro,13111.5
8,top,mms,Cloro,0,Cloro OR MMS OR Dióxido de cloro,13111.5
8,top,cloro y vinagre,Cloro,0,Cloro OR MMS OR Dióxido de cloro,13111.5
7,top,carbono,Cloro,0,Cloro OR MMS OR Dióxido de cloro,13111.5
7,top,cloro liquido,Cloro,0,Cloro OR MMS OR Dióxido de cloro,13111.5
7,top,cloro piscinas,Cloro,0,Cloro OR MMS OR Dióxido de cloro,13111.5
Breakout,rising,cloro coronavirus,Cloro,0,Cloro OR MMS OR Dióxido de cloro,13111.5
Breakout,rising,cloro para coronavirus,Cloro,0,Cloro OR MMS OR Dióxido de cloro,13111.5
Breakout,rising,dioxido de cloro coronavirus,Cloro,0,Cloro OR MMS OR Dióxido de cloro,13111.5
Breakout,rising,andreas kalcker,Cloro,0,Cloro OR MMS OR Dióxido de cloro,13111.5
Breakout,rising,andreas kalcker dioxido de cloro,Cloro,0,Cloro OR MMS OR Dióxido de cloro,13111.5
Breakout,rising,cloro y coronavirus,Cloro,0,Cloro OR MMS OR Dióxido de cloro,13111.5
Breakout,rising,cloro mata coronavirus,Cloro,0,Cloro OR MMS OR Dióxido de cloro,13111.5
Breakout,rising,el cloro mata el coronavirus,Cloro,0,Cloro OR MMS OR Dióxido de cloro,13111.5
Breakout,rising,cloro como desinfectante,Cloro,0,Cloro OR MMS OR Dióxido de cloro,13111.5
Breakout,rising,dioxido de cloro para que sirve,Cloro,0,Cloro OR MMS OR Dióxido de cloro,13111.5
Breakout,rising,trump cloro,Cloro,0,Cloro OR MMS OR Dióxido de cloro,13111.5
Breakout,rising,lysol,Cloro,0,Cloro OR MMS OR Dióxido de cloro,13111.5
Breakout,rising,diÃ³xido de cloro en farmacias,Cloro,0,Cloro OR MMS OR Dióxido de cloro,13111.5
Breakout,rising,dilucion de cloro,Cloro,0,Cloro OR MMS OR Dióxido de cloro,13111.5
Breakout,rising,diÃ³xido de cloro para que sirve,Cloro,0,Cloro OR MMS OR Dióxido de cloro,13111.5
Breakout,rising,cloro y pinol,Cloro,0,Cloro OR MMS OR Dióxido de cloro,13111.5
Breakout,rising,cloro mata virus,Cloro,0,Cloro OR MMS OR Dióxido de cloro,13111.5
Breakout,rising,dioxido de cloro para coronavirus,Cloro,0,Cloro OR MMS OR Dióxido de cloro,13111.5
Breakout,rising,dioxido de cloro peru,Cloro,0,Cloro OR MMS OR Dióxido de cloro,13111.5
Breakout,rising,para que sirve el dioxido de cloro,Cloro,0,Cloro OR MMS OR Dióxido de cloro,13111.5
Breakout,rising,toallitas de cloro,Cloro,0,Cloro OR MMS OR Dióxido de cloro,13111.5
Breakout,rising,como hacer dioxido de cloro,Cloro,0,Cloro OR MMS OR Dióxido de cloro,13111.5
Breakout,rising,diÃ³xido de cloro coronavirus,Cloro,0,Cloro OR MMS OR Dióxido de cloro,13111.5
Breakout,rising,como se hace el cloro,Cloro,0,Cloro OR MMS OR Dióxido de cloro,13111.5
Breakout,rising,disinfettanti a base di cloro,Cloro,0,Cloro OR MMS OR Dióxido de cloro,13111.5
100,top,coronavirus vaccine,Vaccine,0,Vacuna,7605
43,top,covid,Vaccine,0,Vacuna,7605
42,top,covid vaccine,Vaccine,0,Vacuna,7605
40,top,vaccine corona,Vaccine,0,Vacuna,7605
31,top,vaccine covid 19,Vaccine,0,Vacuna,7605
30,top,covid 19,Vaccine,0,Vacuna,7605
19,top,flu vaccine,Vaccine,0,Vacuna,7605
17,top,vaccine update,Vaccine,0,Vacuna,7605
16,top,vaccine news,Vaccine,0,Vacuna,7605
15,top,vaccine for coronavirus,Vaccine,0,Vacuna,7605
13,top,corona virus vaccine,Vaccine,0,Vacuna,7605
11,top,coronavirus vaccine update,Vaccine,0,Vacuna,7605
11,top,coronavirus update,Vaccine,0,Vacuna,7605
11,top,bcg,Vaccine,0,Vacuna,7605
11,top,bcg vaccine,Vaccine,0,Vacuna,7605
10,top,what is vaccine,Vaccine,0,Vacuna,7605
9,top,coronavirus vaccine news,Vaccine,0,Vacuna,7605
8,top,coronavirus news,Vaccine,0,Vacuna,7605
8,top,vaccine for covid,Vaccine,0,Vacuna,7605
7,top,china vaccine,Vaccine,0,Vacuna,7605
7,top,vaccine of coronavirus,Vaccine,0,Vacuna,7605
7,top,who,Vaccine,0,Vacuna,7605
7,top,uk vaccine,Vaccine,0,Vacuna,7605
6,top,vaccine for corona,Vaccine,0,Vacuna,7605
6,top,coronavirus india,Vaccine,0,Vacuna,7605
Breakout,rising,covid,Vaccine,0,Vacuna,7605
Breakout,rising,covid vaccine,Vaccine,0,Vacuna,7605
Breakout,rising,vaccine covid 19,Vaccine,0,Vacuna,7605
Breakout,rising,covid 19,Vaccine,0,Vacuna,7605
Breakout,rising,coronavirus vaccine update,Vaccine,0,Vacuna,7605
Breakout,rising,coronavirus update,Vaccine,0,Vacuna,7605
Breakout,rising,coronavirus vaccine news,Vaccine,0,Vacuna,7605
Breakout,rising,coronavirus news,Vaccine,0,Vacuna,7605
Breakout,rising,vaccine for covid,Vaccine,0,Vacuna,7605
Breakout,rising,coronavirus india,Vaccine,0,Vacuna,7605
Breakout,rising,vaccine for covid 19,Vaccine,0,Vacuna,7605
Breakout,rising,coronavirus vaccine india,Vaccine,0,Vacuna,7605
Breakout,rising,covid-19 vaccine,Vaccine,0,Vacuna,7605
Breakout,rising,corona vaccine update,Vaccine,0,Vacuna,7605
Breakout,rising,corona update,Vaccine,0,Vacuna,7605
Breakout,rising,china coronavirus,Vaccine,0,Vacuna,7605
Breakout,rising,corona vaccine news,Vaccine,0,Vacuna,7605
Breakout,rising,coronavirus vaccine china,Vaccine,0,Vacuna,7605
Breakout,rising,covid vaccine news,Vaccine,0,Vacuna,7605
Breakout,rising,coronavirus in india,Vaccine,0,Vacuna,7605
Breakout,rising,covid19 vaccine,Vaccine,0,Vacuna,7605
Breakout,rising,coronavirus vaccine in india,Vaccine,0,Vacuna,7605
Breakout,rising,covid19,Vaccine,0,Vacuna,7605
Breakout,rising,covid vaccine update,Vaccine,0,Vacuna,7605
Breakout,rising,coronavirus uk,Vaccine,0,Vacuna,7605
100,top,vacuna coronavirus,Vacuna,0,Vacuna,7605
82,top,la vacuna,Vacuna,0,Vacuna,7605
21,top,influenza,Vacuna,0,Vacuna,7605
20,top,vacuna influenza,Vacuna,0,Vacuna,7605
18,top,vacuna de coronavirus,Vacuna,0,Vacuna,7605
17,top,vacuna contra coronavirus,Vacuna,0,Vacuna,7605
16,top,covid vacuna,Vacuna,0,Vacuna,7605
15,top,vacuna antigripal,Vacuna,0,Vacuna,7605
15,top,china,Vacuna,0,Vacuna,7605
14,top,vacuna para coronavirus,Vacuna,0,Vacuna,7605
14,top,vacuna china,Vacuna,0,Vacuna,7605
12,top,vacuna contra el coronavirus,Vacuna,0,Vacuna,7605
12,top,vacuna covid 19,Vacuna,0,Vacuna,7605
12,top,covid 19,Vacuna,0,Vacuna,7605
10,top,vacuna gripe,Vacuna,0,Vacuna,7605
10,top,vacuna coronavirus china,Vacuna,0,Vacuna,7605
10,top,vacuna del coronavirus,Vacuna,0,Vacuna,7605
10,top,china coronavirus,Vacuna,0,Vacuna,7605
10,top,vacunas,Vacuna,0,Vacuna,7605
9,top,vacuna para el coronavirus,Vacuna,0,Vacuna,7605
8,top,bcg,Vacuna,0,Vacuna,7605
8,top,bcg vacuna,Vacuna,0,Vacuna,7605
7,top,vacuna neumococo,Vacuna,0,Vacuna,7605
7,top,que es la vacuna,Vacuna,0,Vacuna,7605
7,top,vacuna antigripal 2020,Vacuna,0,Vacuna,7605
Breakout,rising,vacuna contra coronavirus,Vacuna,0,Vacuna,7605
Breakout,rising,covid vacuna,Vacuna,0,Vacuna,7605
Breakout,rising,vacuna para coronavirus,Vacuna,0,Vacuna,7605
Breakout,rising,vacuna contra el coronavirus,Vacuna,0,Vacuna,7605
Breakout,rising,vacuna covid 19,Vacuna,0,Vacuna,7605
Breakout,rising,covid 19,Vacuna,0,Vacuna,7605
Breakout,rising,vacuna coronavirus china,Vacuna,0,Vacuna,7605
Breakout,rising,china coronavirus,Vacuna,0,Vacuna,7605
Breakout,rising,vacuna para el coronavirus,Vacuna,0,Vacuna,7605
Breakout,rising,vacuna coronavirus,Vacuna,0,Vacuna,7605
Breakout,rising,la vacuna del coronavirus,Vacuna,0,Vacuna,7605
Breakout,rising,vacuna corona virus,Vacuna,0,Vacuna,7605
Breakout,rising,vacuna coronavirus espaÃ±a,Vacuna,0,Vacuna,7605
Breakout,rising,coronavirus espaÃ±a,Vacuna,0,Vacuna,7605
Breakout,rising,la vacuna contra el coronavirus,Vacuna,0,Vacuna,7605
Breakout,rising,israel vacuna,Vacuna,0,Vacuna,7605
Breakout,rising,noticias coronavirus,Vacuna,0,Vacuna,7605
Breakout,rising,vacuna coronavirus hoy,Vacuna,0,Vacuna,7605
Breakout,rising,coronavirus hoy,Vacuna,0,Vacuna,7605
Breakout,rising,la vacuna para el coronavirus,Vacuna,0,Vacuna,7605
Breakout,rising,israel vacuna coronavirus,Vacuna,0,Vacuna,7605
Breakout,rising,china vacuna contra coronavirus,Vacuna,0,Vacuna,7605
Breakout,rising,coronavirus cura,Vacuna,0,Vacuna,7605
Breakout,rising,vacuna del covid,Vacuna,0,Vacuna,7605
Breakout,rising,coronavirus italia,Vacuna,0,Vacuna,7605
100,top,las vacunas,Vacunas,0,Vacuna,7605
63,top,vacuna,Vacunas,0,Vacuna,7605
38,top,coronavirus vacunas,Vacunas,0,Vacuna,7605
34,top,vacunas 2020,Vacunas,0,Vacuna,7605
25,top,calendario vacunas,Vacunas,0,Vacuna,7605
19,top,vacunas niÃ±os,Vacunas,0,Vacuna,7605
18,top,vacunas perros,Vacunas,0,Vacuna,7605
17,top,vacunas virus,Vacunas,0,Vacuna,7605
17,top,virus,Vacunas,0,Vacuna,7605
16,top,vacunas influenza,Vacunas,0,Vacuna,7605
16,top,que son vacunas,Vacunas,0,Vacuna,7605
15,top,vacunacion,Vacunas,0,Vacuna,7605
15,top,vacunas bebes,Vacunas,0,Vacuna,7605
15,top,calendario de vacunas,Vacunas,0,Vacuna,7605
14,top,que son las vacunas,Vacunas,0,Vacuna,7605
14,top,vacunas de coronavirus,Vacunas,0,Vacuna,7605
12,top,vacunas gripe,Vacunas,0,Vacuna,7605
11,top,vacunas para coronavirus,Vacunas,0,Vacuna,7605
11,top,vacunas bebe,Vacunas,0,Vacuna,7605
11,top,pami vacunas,Vacunas,0,Vacuna,7605
10,top,calendario vacunas 2020,Vacunas,0,Vacuna,7605
10,top,vacunas de niÃ±os,Vacunas,0,Vacuna,7605
10,top,vacunas argentina,Vacunas,0,Vacuna,7605
10,top,vacunas para perros,Vacunas,0,Vacuna,7605
9,top,pami,Vacunas,0,Vacuna,7605
Breakout,rising,pami vacunas,Vacunas,0,Vacuna,7605
Breakout,rising,vacunas para el coronavirus,Vacunas,0,Vacuna,7605
Breakout,rising,vacunas covid,Vacunas,0,Vacuna,7605
Breakout,rising,vacunas del coronavirus,Vacunas,0,Vacuna,7605
Breakout,rising,vacunas covid 19,Vacunas,0,Vacuna,7605
Breakout,rising,vacunas contra coronavirus,Vacunas,0,Vacuna,7605
Breakout,rising,vacuna coronavirus,Vacunas,0,Vacuna,7605
Breakout,rising,vacunas influenza 2020,Vacunas,0,Vacuna,7605
Breakout,rising,vacunas contra el coronavirus,Vacunas,0,Vacuna,7605
Breakout,rising,vacunas antigripales,Vacunas,0,Vacuna,7605
Breakout,rising,stamboulian turnos,Vacunas,0,Vacuna,7605
Breakout,rising,stamboulian vacunas turnos,Vacunas,0,Vacuna,7605
Breakout,rising,pami vacunas farmacias,Vacunas,0,Vacuna,7605
Breakout,rising,vacunas antigripal 2020,Vacunas,0,Vacuna,7605
Breakout,rising,vacuna antigripal 2020,Vacunas,0,Vacuna,7605
Breakout,rising,bill gates vacunas,Vacunas,0,Vacuna,7605
Breakout,rising,vacunas coronavirus hoy,Vacunas,0,Vacuna,7605
Breakout,rising,vacunas antigripales 2020,Vacunas,0,Vacuna,7605
Breakout,rising,vacunas contra la influenza 2020,Vacunas,0,Vacuna,7605
Breakout,rising,vacunas gripe 2020,Vacunas,0,Vacuna,7605
Breakout,rising,pami vacunas 2020,Vacunas,0,Vacuna,7605
Breakout,rising,calendario vacunas 2020 chile,Vacunas,0,Vacuna,7605
Breakout,rising,vacunas para el covid 19,Vacunas,0,Vacuna,7605
Breakout,rising,coronavirus argentina,Vacunas,0,Vacuna,7605
Breakout,rising,ioma,Vacunas,0,Vacuna,7605
